subject ID,condition,rotationAngle_x,rotationAngle_y,rotationAngle_z,acceleration,time stamp
Martes6,VideoCenteredNoDelay,0,0,0,0,-0.0003139115
Martes6,VideoCenteredNoDelay,13.71838,3.418904,7.134911,-0.03846645,0.03968609
Martes6,VideoCenteredNoDelay,13.57926,3.383464,7.020995,-0.08454418,0.08708334
Martes6,VideoCenteredNoDelay,13.50218,3.376758,7.007832,-0.03586769,0.132809
Martes6,VideoCenteredNoDelay,13.36857,3.376948,6.975461,-0.02651501,0.1812146
Martes6,VideoCenteredNoDelay,13.18109,3.350501,6.912597,-0.02865601,0.2384084
Martes6,VideoCenteredNoDelay,13.0415,3.30646,6.857562,-0.03182793,0.2833026
Martes6,VideoCenteredNoDelay,12.82233,3.295657,6.761524,-0.03712654,0.3386413
Martes6,VideoCenteredNoDelay,12.53204,3.24042,6.602739,-0.08449173,0.3834734
Martes6,VideoCenteredNoDelay,12.13099,3.169671,6.382574,-0.0579567,0.4386122
Martes6,VideoCenteredNoDelay,11.81363,3.150719,6.132274,-0.1016455,0.4823699
Martes6,VideoCenteredNoDelay,11.56497,3.281345,5.90962,0.005634308,0.5394065
Martes6,VideoCenteredNoDelay,11.59003,3.350226,5.837036,0.002996445,0.5814804
Martes6,VideoCenteredNoDelay,11.99539,3.226377,4.84485,-0.05822754,0.6369179
Martes6,VideoCenteredNoDelay,13.11213,2.635682,4.413925,0.2940674,0.6823283
Martes6,VideoCenteredNoDelay,18.92906,2.7845,0.5209777,1.335146,0.7377065
Martes6,VideoCenteredNoDelay,25.762,2.995471,0.3477479,-334.4013,0.7824301
Martes6,VideoCenteredNoDelay,24.87139,1.637403,0.04708173,-335.8222,0.8375974
Martes6,VideoCenteredNoDelay,24.73192,1.484487,0.3207409,0.005048752,0.882877
Martes6,VideoCenteredNoDelay,23.81268,2.587253,1.283647,-0.05766869,0.9365366
Martes6,VideoCenteredNoDelay,21.5092,3.935313,2.529384,-0.8391819,0.9814515
Martes6,VideoCenteredNoDelay,17.21056,3.730279,1.007847,-0.5717945,1.036059
Martes6,VideoCenteredNoDelay,14.78196,5.134728,359.909,-0.0736084,1.081221
Martes6,VideoCenteredNoDelay,11.27814,4.935491,0.2531531,-0.6538305,1.135691
Martes6,VideoCenteredNoDelay,9.121458,3.915252,0.3831574,-0.6295414,1.180971
Martes6,VideoCenteredNoDelay,6.48558,2.245238,0.2168251,-0.620296,1.23602
Martes6,VideoCenteredNoDelay,5.797746,1.153663,0.2911464,0.0855217,1.280182
Martes6,VideoCenteredNoDelay,6.644831,1.36698,359.9767,0.02438354,1.335593
Martes6,VideoCenteredNoDelay,6.58522,1.054561,0.1294277,-353.3604,1.38001
Martes6,VideoCenteredNoDelay,5.792971,1.369573,359.5272,-0.2148132,1.434056
Martes6,VideoCenteredNoDelay,4.259686,1.440607,359.1645,0.004272461,1.490968
Martes6,VideoCenteredNoDelay,3.817652,1.576549,358.786,-0.09518433,1.533929
Martes6,VideoCenteredNoDelay,3.988412,2.182998,358.4103,-0.0617981,1.589657
Martes6,VideoCenteredNoDelay,3.85829,2.419289,358.2456,-0.0463562,1.635121
Martes6,VideoCenteredNoDelay,3.473333,2.504624,358.1933,0.04046631,1.690657
Martes6,VideoCenteredNoDelay,3.758282,2.476692,358.1678,-0.03778076,1.733765
Martes6,VideoCenteredNoDelay,3.655818,2.947713,357.4601,-0.1315918,1.789804
Martes6,VideoCenteredNoDelay,3.709015,3.412348,357.0372,-0.05493164,1.833357
Martes6,VideoCenteredNoDelay,4.193871,3.77372,356.9501,-0.02359009,1.879729
Martes6,VideoCenteredNoDelay,3.998728,4.275117,357.0941,0.01696777,1.933111
Martes6,VideoCenteredNoDelay,3.46037,4.693901,356.998,-0.01867676,1.989598
Martes6,VideoCenteredNoDelay,3.313319,5.389705,356.6743,-0.1768188,2.034012
Martes6,VideoCenteredNoDelay,1.72887,6.983299,355.5064,-0.1626892,2.090605
Martes6,VideoCenteredNoDelay,0.6020812,7.926767,355.5709,0.1065063,2.133837
Martes6,VideoCenteredNoDelay,0.2803374,8.45846,356.1304,0.1069336,2.189794
Martes6,VideoCenteredNoDelay,1.116639,8.700475,356.0236,0.003143311,2.233941
Martes6,VideoCenteredNoDelay,3.658183,8.49702,356.217,0.0506897,2.289461
Martes6,VideoCenteredNoDelay,5.994605,7.670622,356.881,0.1928101,2.332676
Martes6,VideoCenteredNoDelay,7.331215,6.443701,357.3676,0.07388306,2.38973
Martes6,VideoCenteredNoDelay,7.634471,5.894765,357.5676,0.009185791,2.433502
Martes6,VideoCenteredNoDelay,6.776641,5.71761,357.2544,0.03216553,2.489835
Martes6,VideoCenteredNoDelay,7.666332,5.243153,357.9928,0.2219543,2.533235
Martes6,VideoCenteredNoDelay,9.932887,4.194452,359.1332,0.1581116,2.589087
Martes6,VideoCenteredNoDelay,10.2166,3.399524,359.4945,0.06811523,2.632659
Martes6,VideoCenteredNoDelay,9.933478,2.710955,359.6552,-0.00213623,2.689697
Martes6,VideoCenteredNoDelay,10.28252,2.49745,359.6143,0.04101563,2.734186
Martes6,VideoCenteredNoDelay,11.29495,2.288063,359.4905,-0.03973389,2.789665
Martes6,VideoCenteredNoDelay,12.42219,2.318831,359.0978,-0.081604,2.833613
Martes6,VideoCenteredNoDelay,13.05686,2.343355,359.1803,0.07836914,2.889491
Martes6,VideoCenteredNoDelay,13.62895,2.122321,359.828,0.1911621,2.933537
Martes6,VideoCenteredNoDelay,15.13756,1.740224,0.8286913,0.30898,2.989052
Martes6,VideoCenteredNoDelay,15.63461,1.660402,1.126999,0.1474695,3.030831
Martes6,VideoCenteredNoDelay,15.6662,1.851158,1.135231,-0.1501045,3.08288
Martes6,VideoCenteredNoDelay,15.2425,2.235225,1.364686,-0.1304626,3.136771
Martes6,VideoCenteredNoDelay,14.51977,2.424901,1.580777,-0.3818369,3.179714
Martes6,VideoCenteredNoDelay,13.33924,2.07654,1.802154,-0.1983795,3.234397
Martes6,VideoCenteredNoDelay,12.43365,1.901142,1.712143,-0.2107887,3.289787
Martes6,VideoCenteredNoDelay,11.95454,2.167228,1.432875,-0.08176708,3.333396
Martes6,VideoCenteredNoDelay,11.43025,2.514718,1.273725,-0.0796833,3.388727
Martes6,VideoCenteredNoDelay,11.66198,2.778423,1.09047,0.1586781,3.438421
Martes6,VideoCenteredNoDelay,12.13298,2.952701,0.7932518,-0.03054714,3.480531
Martes6,VideoCenteredNoDelay,12.45369,3.429903,0.6746832,0.02603817,3.535934
Martes6,VideoCenteredNoDelay,12.42049,3.730216,0.6933993,0.08400536,3.591012
Martes6,VideoCenteredNoDelay,13.01979,4.354023,0.4211108,0.1903267,3.63312
Martes6,VideoCenteredNoDelay,13.23654,4.989255,0.03065119,-0.0325222,3.684407
Martes6,VideoCenteredNoDelay,12.93412,4.70384,0.2944434,-0.1766119,3.736494
Martes6,VideoCenteredNoDelay,12.22743,4.597908,359.3895,-0.3244019,3.790003
Martes6,VideoCenteredNoDelay,11.61957,5.032574,358.4995,-0.2076416,3.834949
Martes6,VideoCenteredNoDelay,10.92653,6.357306,358.3288,0.04345703,3.889858
Martes6,VideoCenteredNoDelay,10.70138,7.110432,358.7465,0.1259766,3.933244
Martes6,VideoCenteredNoDelay,10.00811,7.481424,359.4158,0.07086182,3.983241
Martes6,VideoCenteredNoDelay,9.1571,7.571515,359.5243,0.0269165,4.035989
Martes6,VideoCenteredNoDelay,9.418481,7.515658,359.6205,0.05944824,4.080103
Martes6,VideoCenteredNoDelay,9.742551,7.415675,359.8327,0.05163574,4.133464
Martes6,VideoCenteredNoDelay,10.08883,7.430218,0.4131686,0.1501083,4.188175
Martes6,VideoCenteredNoDelay,10.65207,7.680964,1.040875,0.2182894,4.23119
Martes6,VideoCenteredNoDelay,11.56218,8.045344,1.862346,0.2007017,4.281455
Martes6,VideoCenteredNoDelay,12.04686,7.43188,3.06743,0.01704597,4.33658
Martes6,VideoCenteredNoDelay,12.58668,5.731066,4.105275,0.06273079,4.390657
Martes6,VideoCenteredNoDelay,13.17445,3.315949,4.672406,-0.09478664,4.433847
Martes6,VideoCenteredNoDelay,13.0603,359.8074,4.258554,346.227,4.488419
Martes6,VideoCenteredNoDelay,13.0993,357.5893,3.671698,-0.4548035,4.534038
Martes6,VideoCenteredNoDelay,13.05855,355.4894,3.072547,-0.3813782,4.58504
Martes6,VideoCenteredNoDelay,13.6962,353.7608,2.515801,-0.3577576,4.637441
Martes6,VideoCenteredNoDelay,13.67034,352.3542,2.08771,-0.3552856,4.692161
Martes6,VideoCenteredNoDelay,13.77475,350.8069,1.917337,-0.4056396,4.734727
Martes6,VideoCenteredNoDelay,13.68283,348.7666,1.974679,-0.4292297,4.789804
Martes6,VideoCenteredNoDelay,13.871,346.9875,1.760379,-0.5258179,4.833371
Martes6,VideoCenteredNoDelay,13.48692,343.2881,0.8430084,-1.456787,4.894134
Martes6,VideoCenteredNoDelay,13.46237,339.5406,359.9488,153.2893,4.936248
Martes6,VideoCenteredNoDelay,13.44386,335.856,359.2148,-0.9294128,4.980808
Martes6,VideoCenteredNoDelay,13.09701,330.2086,358.3765,-0.8454285,5.034631
Martes6,VideoCenteredNoDelay,12.62833,325.6431,358.247,-0.4897156,5.08956
Martes6,VideoCenteredNoDelay,12.29323,323.1985,358.2343,-0.3414001,5.131452
Martes6,VideoCenteredNoDelay,11.68687,321.2569,358.369,-0.1783142,5.180628
Martes6,VideoCenteredNoDelay,10.55428,320.6363,358.5231,-0.03274536,5.235942
Martes6,VideoCenteredNoDelay,8.424562,319.9236,359.3771,-0.02056885,5.289113
Martes6,VideoCenteredNoDelay,5.923658,318.9435,0.09477467,-162.1654,5.333962
Martes6,VideoCenteredNoDelay,2.325604,317.9511,0.8284214,-0.3919678,5.388645
Martes6,VideoCenteredNoDelay,359.1384,317.3243,1.511994,-0.7170715,5.431142
Martes6,VideoCenteredNoDelay,354.1446,316.5314,2.713843,-0.8815002,5.481474
Martes6,VideoCenteredNoDelay,349.7871,316.4583,3.515325,-0.6848145,5.536314
Martes6,VideoCenteredNoDelay,345.4982,317.0229,3.527076,-0.4950562,5.589777
Martes6,VideoCenteredNoDelay,343.0649,317.7939,3.405088,-0.1986084,5.634354
Martes6,VideoCenteredNoDelay,341.0209,319.3378,3.004144,-0.007202148,5.688483
Martes6,VideoCenteredNoDelay,339.9603,321.3981,2.454535,0.2922668,5.732088
Martes6,VideoCenteredNoDelay,338.456,325.2346,1.738411,0.6978455,5.782344
Martes6,VideoCenteredNoDelay,337.4602,330.1534,0.4699576,0.7153625,5.835739
Martes6,VideoCenteredNoDelay,336.9482,336.9764,358.9699,0.5215454,5.888594
Martes6,VideoCenteredNoDelay,336.205,342.0699,357.6382,0.3654175,5.932359
Martes6,VideoCenteredNoDelay,335.9525,347.9013,355.4692,0.538269,5.985835
Martes6,VideoCenteredNoDelay,336.8117,352.162,354.3452,0.01269531,6.037079
Martes6,VideoCenteredNoDelay,338.1844,355.9966,353.5475,0.4368896,6.089273
Martes6,VideoCenteredNoDelay,339.2198,357.6174,353.2163,0.3184204,6.13472
Martes6,VideoCenteredNoDelay,340.9182,358.882,353.2242,0.3171997,6.188098
Martes6,VideoCenteredNoDelay,341.6867,359.8394,353.3244,0.232666,6.231254
Martes6,VideoCenteredNoDelay,343.0332,1.070524,353.3653,0.2380676,6.283692
Martes6,VideoCenteredNoDelay,344.4644,2.078621,353.2475,0.2829285,6.336637
Martes6,VideoCenteredNoDelay,346.7548,3.42203,353.5417,0.7410583,6.389522
Martes6,VideoCenteredNoDelay,348.5658,4.590607,353.9911,0.4109497,6.433653
Martes6,VideoCenteredNoDelay,350.9353,5.694634,354.5802,0.3511353,6.485482
Martes6,VideoCenteredNoDelay,353.0167,6.505009,354.8147,0.001922607,6.537436
Martes6,VideoCenteredNoDelay,355.4988,7.631838,355.0137,0.3571777,6.589601
Martes6,VideoCenteredNoDelay,357.2025,8.707117,355.4547,0.3128662,6.633179
Martes6,VideoCenteredNoDelay,356.9776,10.07435,356.0004,-0.08493042,6.688995
Martes6,VideoCenteredNoDelay,357.0773,11.00461,356.0608,0.08575439,6.739686
Martes6,VideoCenteredNoDelay,358.8043,11.64912,355.6731,0.2243042,6.781433
Martes6,VideoCenteredNoDelay,0.391149,12.14416,355.6415,0.04699707,6.835754
Martes6,VideoCenteredNoDelay,2.496679,13.59701,355.6005,-0.015625,6.887977
Martes6,VideoCenteredNoDelay,3.275515,15.58977,355.7745,0.06906128,6.930128
Martes6,VideoCenteredNoDelay,3.375354,17.12485,356.0321,-0.03875732,6.98326
Martes6,VideoCenteredNoDelay,4.074512,19.47112,355.9633,0.006896973,7.035013
Martes6,VideoCenteredNoDelay,2.896659,21.50587,355.9649,0.0506897,7.08003
Martes6,VideoCenteredNoDelay,2.249102,23.67913,355.9088,0.002868652,7.132839
Martes6,VideoCenteredNoDelay,1.564112,25.46575,356.7596,0.2148438,7.197923
Martes6,VideoCenteredNoDelay,0.269715,25.85559,356.8686,0.002960205,7.230217
Martes6,VideoCenteredNoDelay,354.1777,26.00373,354.3419,-1.198639,7.281898
Martes6,VideoCenteredNoDelay,349.2271,26.43786,352.5939,-0.7394409,7.335507
Martes6,VideoCenteredNoDelay,346.7022,26.21385,352.8887,-0.214447,7.380072
Martes6,VideoCenteredNoDelay,345.3772,23.85453,354.6538,0.02844238,7.433053
Martes6,VideoCenteredNoDelay,344.2279,21.83173,354.2468,-0.9099426,7.488458
Martes6,VideoCenteredNoDelay,343.5192,20.44141,355.1145,0.1461792,7.532944
Martes6,VideoCenteredNoDelay,342.4992,19.0028,354.0667,-0.4538879,7.581415
Martes6,VideoCenteredNoDelay,341.275,15.92723,355.7586,0.2133179,7.63483
Martes6,VideoCenteredNoDelay,342.1637,12.57324,356.9374,0.4229431,7.690208
Martes6,VideoCenteredNoDelay,345.0009,9.251612,358.2454,0.7784424,7.732558
Martes6,VideoCenteredNoDelay,349.4902,6.07341,359.576,0.727356,7.786607
Martes6,VideoCenteredNoDelay,356.772,3.534628,0.2075273,1.684662,7.836081
Martes6,VideoCenteredNoDelay,2.37444,2.228047,1.654137,-0.06390142,7.880346
Martes6,VideoCenteredNoDelay,6.574369,0.5220025,1.120394,0.1345439,7.933712
Martes6,VideoCenteredNoDelay,6.131161,0.1464932,1.336971,-0.1534166,7.999686
Martes6,VideoCenteredNoDelay,6.07175,1.041187,0.9351813,0.1071906,8.030486
Martes6,VideoCenteredNoDelay,7.404136,2.360368,1.206978,0.5313377,8.083694
Martes6,VideoCenteredNoDelay,8.523002,2.485257,1.178937,-0.1817389,8.136961
Martes6,VideoCenteredNoDelay,8.511251,2.692622,0.4982955,0.02173424,8.180015
Martes6,VideoCenteredNoDelay,8.060484,2.896796,0.8623105,-0.04540443,8.233263
Martes6,VideoCenteredNoDelay,8.267378,2.468117,0.9733438,0.06716824,8.289207
Martes6,VideoCenteredNoDelay,9.634534,1.356881,0.9358991,0.3503141,8.33958
Martes6,VideoCenteredNoDelay,10.65603,0.6102507,1.167068,0.004837036,8.381036
Martes6,VideoCenteredNoDelay,11.55596,359.8437,2.057906,-0.1138306,8.437064
Martes6,VideoCenteredNoDelay,12.29264,359.2585,2.482403,-0.06948853,8.490563
Martes6,VideoCenteredNoDelay,12.87518,359.3214,2.605474,0.05062866,8.533817
Martes6,VideoCenteredNoDelay,14.91699,359.5994,2.485254,0.03488159,8.589702
Martes6,VideoCenteredNoDelay,17.7406,359.6242,2.379,0.004974365,8.630596
Martes6,VideoCenteredNoDelay,18.67408,359.2457,2.072704,-0.177124,8.683301
Martes6,VideoCenteredNoDelay,18.79671,358.6107,1.406866,-0.03744507,8.735291
Martes6,VideoCenteredNoDelay,20.30119,357.7383,0.856977,-0.1174011,8.791146
Martes6,VideoCenteredNoDelay,21.22588,357.3967,0.5210716,-0.08627319,8.834414
Martes6,VideoCenteredNoDelay,21.63361,357.4442,0.3165185,0.05996704,8.88928
Martes6,VideoCenteredNoDelay,22.22575,357.6032,0.4095298,0.02532959,8.930987
Martes6,VideoCenteredNoDelay,22.95555,357.6179,0.4442444,-0.04626465,8.982572
Martes6,VideoCenteredNoDelay,22.77562,357.5416,0.4161319,-0.03051758,9.034772
Martes6,VideoCenteredNoDelay,22.48544,357.2592,0.359452,-0.09625244,9.091209
Martes6,VideoCenteredNoDelay,22.3392,356.9894,0.2757046,-0.1047668,9.133912
Martes6,VideoCenteredNoDelay,22.37488,356.9219,359.9846,149.8385,9.183068
Martes6,VideoCenteredNoDelay,22.33735,356.9977,359.5956,0.04653931,9.236142
Martes6,VideoCenteredNoDelay,22.76442,356.6492,0.1338415,-0.1865845,9.280263
Martes6,VideoCenteredNoDelay,23.49687,355.6548,0.6450393,-0.2335205,9.334237
Martes6,VideoCenteredNoDelay,23.34311,354.5218,0.7559038,-0.2301331,9.389535
Martes6,VideoCenteredNoDelay,22.90163,353.8525,0.3948767,-0.1323547,9.432737
Martes6,VideoCenteredNoDelay,22.45756,353.5723,359.6369,-0.22995,9.487882
Martes6,VideoCenteredNoDelay,21.55812,353.5802,359.5114,-0.07745361,9.530869
Martes6,VideoCenteredNoDelay,20.22281,353.7757,359.3621,0.04266357,9.580925
Martes6,VideoCenteredNoDelay,19.06931,354.1932,359.2574,0.0003051758,9.636399
Martes6,VideoCenteredNoDelay,18.1484,354.3655,359.3584,0.02670288,9.690692
Martes6,VideoCenteredNoDelay,17.69592,354.3784,359.3987,-0.08969116,9.733488
Martes6,VideoCenteredNoDelay,17.70781,354.4404,359.4001,-0.01724243,9.788733
Martes6,VideoCenteredNoDelay,17.54505,354.5608,359.3648,0.04031372,9.832641
Martes6,VideoCenteredNoDelay,16.90361,354.9909,359.4156,0.1627197,9.882068
Martes6,VideoCenteredNoDelay,16.07508,355.4663,359.6199,0.04879761,9.937281
Martes6,VideoCenteredNoDelay,15.36988,355.1387,359.476,-0.1315308,9.990706
Martes6,VideoCenteredNoDelay,15.23219,354.6967,359.2461,-0.1537476,10.0345
Martes6,VideoCenteredNoDelay,15.12938,354.4344,359.2538,-0.005371094,10.0874
Martes6,VideoCenteredNoDelay,15.07547,354.5263,359.3627,0.04553223,10.13752
Martes6,VideoCenteredNoDelay,15.05673,354.6684,359.4314,0.02987671,10.18276
Martes6,VideoCenteredNoDelay,14.82569,354.8342,359.3838,0.00402832,10.23546
Martes6,VideoCenteredNoDelay,14.60901,354.7995,359.3543,-0.03042603,10.28995
Martes6,VideoCenteredNoDelay,14.42989,354.7331,359.2423,0.02566528,10.33419
Martes6,VideoCenteredNoDelay,14.35769,354.6663,359.0824,-0.04483032,10.38637
Martes6,VideoCenteredNoDelay,14.43727,354.8102,359.0382,0.02816772,10.43777
Martes6,VideoCenteredNoDelay,14.41622,354.968,359.0454,0.008728027,10.48071
Martes6,VideoCenteredNoDelay,14.18923,355.1783,359.1256,0.0284729,10.53498
Martes6,VideoCenteredNoDelay,14.08727,355.2422,359.2328,-0.006103516,10.58889
Martes6,VideoCenteredNoDelay,14.11705,355.1745,359.2227,-0.02319336,10.63373
Martes6,VideoCenteredNoDelay,14.06812,354.9963,359.146,-0.07897949,10.68542
Martes6,VideoCenteredNoDelay,14.10131,354.9298,359.0168,-0.02410889,10.73836
Martes6,VideoCenteredNoDelay,13.92673,354.9366,358.9155,0.00201416,10.79113
Martes6,VideoCenteredNoDelay,13.87818,354.8929,358.8536,-0.03555298,10.83488
Martes6,VideoCenteredNoDelay,13.72332,354.9714,358.8375,0.01107788,10.88816
Martes6,VideoCenteredNoDelay,13.8635,354.9767,358.8602,0.005554199,10.93126
Martes6,VideoCenteredNoDelay,14.19111,354.5671,358.8463,-0.06591797,10.98245
Martes6,VideoCenteredNoDelay,14.325,353.9584,358.6756,-0.07247925,11.03664
Martes6,VideoCenteredNoDelay,14.17342,353.3401,358.4191,-0.115387,11.09087
Martes6,VideoCenteredNoDelay,13.91807,352.4096,358.3018,-0.2105713,11.13425
Martes6,VideoCenteredNoDelay,13.45561,347.0209,357.6237,-1.53299,11.18767
Martes6,VideoCenteredNoDelay,11.91901,336.3902,355.1345,-0.3657532,11.23895
Martes6,VideoCenteredNoDelay,10.81054,328.0071,353.8571,-1.266296,11.28142
Martes6,VideoCenteredNoDelay,9.733455,322.1452,353.4163,-0.3889465,11.33562
Martes6,VideoCenteredNoDelay,9.555045,320.7395,353.7958,0.05630493,11.37998
Martes6,VideoCenteredNoDelay,9.679875,320.9638,354.1154,0.1735535,11.43047
Martes6,VideoCenteredNoDelay,9.869931,321.7457,354.0846,0.206665,11.48247
Martes6,VideoCenteredNoDelay,10.08173,322.3359,353.783,0.07147217,11.53757
Martes6,VideoCenteredNoDelay,10.28314,322.6917,353.6244,0.01348877,11.58975
Martes6,VideoCenteredNoDelay,10.57083,323.4986,353.6542,0.2406311,11.63405
Martes6,VideoCenteredNoDelay,11.86803,326.4774,353.732,0.6094666,11.68388
Martes6,VideoCenteredNoDelay,13.40976,333.4385,354.6584,0.5141602,11.73787
Martes6,VideoCenteredNoDelay,14.42902,346.029,356.4772,2.229828,11.79012
Martes6,VideoCenteredNoDelay,14.08991,356.8195,358.1316,2.080078,11.83427
Martes6,VideoCenteredNoDelay,13.05353,6.703213,0.3378058,-345.0488,11.88846
Martes6,VideoCenteredNoDelay,12.0199,10.7865,1.336573,0.3328114,11.93116
Martes6,VideoCenteredNoDelay,11.4551,13.39803,1.700663,0.2948551,11.98318
Martes6,VideoCenteredNoDelay,11.33777,14.30435,1.815705,0.1519089,12.03668
Martes6,VideoCenteredNoDelay,10.92151,15.74187,1.800099,0.1206932,12.08856
Martes6,VideoCenteredNoDelay,10.77706,16.32177,1.796258,0.05698013,12.13417
Martes6,VideoCenteredNoDelay,11.10375,16.20797,1.924955,-0.001117706,12.18525
Martes6,VideoCenteredNoDelay,11.14969,15.98592,1.823687,-0.1024399,12.23969
Martes6,VideoCenteredNoDelay,10.65349,15.36465,1.476834,-0.2063637,12.28247
Martes6,VideoCenteredNoDelay,10.33925,14.73836,1.106218,-0.1296673,12.33404
Martes6,VideoCenteredNoDelay,10.10151,14.06558,0.8766747,-0.1178703,12.38907
Martes6,VideoCenteredNoDelay,10.18741,13.53418,0.7491451,-0.1014252,12.4305
Martes6,VideoCenteredNoDelay,10.6825,13.0042,0.4740586,0.0244503,12.48193
Martes6,VideoCenteredNoDelay,10.72908,12.886,0.2142781,-0.0307579,12.53665
Martes6,VideoCenteredNoDelay,10.7214,12.40034,0.2308147,-0.1370525,12.58961
Martes6,VideoCenteredNoDelay,10.41215,12.15213,0.1093162,-0.03397751,12.63373
Martes6,VideoCenteredNoDelay,10.33161,11.62665,0.3090963,-0.189065,12.69
Martes6,VideoCenteredNoDelay,9.555696,10.99341,0.1790721,-0.2758331,12.7304
Martes6,VideoCenteredNoDelay,7.889662,9.95756,359.8347,-0.08297729,12.7842
Martes6,VideoCenteredNoDelay,7.174959,9.455594,359.6233,-0.07278442,12.83737
Martes6,VideoCenteredNoDelay,6.748939,9.245087,359.6215,0.03689575,12.88089
Martes6,VideoCenteredNoDelay,6.543492,8.908921,359.8407,0.1018982,12.93474
Martes6,VideoCenteredNoDelay,6.637957,8.236986,359.8805,-0.06448364,12.99011
Martes6,VideoCenteredNoDelay,6.701622,7.888496,359.6635,-0.06289673,13.03844
Martes6,VideoCenteredNoDelay,6.960402,7.674468,359.3247,-0.09075928,13.08162
Martes6,VideoCenteredNoDelay,7.784528,7.210676,359.2627,0.03121948,13.13571
Martes6,VideoCenteredNoDelay,8.604985,6.671558,359.4214,0.03356934,13.18035
Martes6,VideoCenteredNoDelay,9.283405,5.937805,359.4288,-0.04260254,13.23225
Martes6,VideoCenteredNoDelay,9.827774,5.4912,359.5229,0.1048279,13.2941
Martes6,VideoCenteredNoDelay,10.11158,5.293884,359.6931,-0.02880859,13.33617
Martes6,VideoCenteredNoDelay,10.34122,5.021451,359.8052,-0.006500244,13.38043
Martes6,VideoCenteredNoDelay,10.43967,4.783447,359.7946,0.01358032,13.43306
Martes6,VideoCenteredNoDelay,10.67591,4.618097,359.778,-0.01303101,13.4993
Martes6,VideoCenteredNoDelay,10.83467,4.521981,359.6768,-0.03439331,13.53969
Martes6,VideoCenteredNoDelay,11.10025,4.430596,359.5978,-0.009796143,13.58289
Martes6,VideoCenteredNoDelay,11.36842,4.393401,359.4096,-0.03082275,13.63593
Martes6,VideoCenteredNoDelay,11.33597,4.371588,359.3524,-0.0001220703,13.69099
Martes6,VideoCenteredNoDelay,11.24223,4.364525,359.308,-0.006713867,13.73969
Martes6,VideoCenteredNoDelay,11.20726,4.318993,359.3107,-0.001922607,13.78971
Martes6,VideoCenteredNoDelay,11.30028,4.236135,359.4011,0.03469849,13.83266
Martes6,VideoCenteredNoDelay,11.25354,4.175194,359.4314,0.005004883,13.88511
Martes6,VideoCenteredNoDelay,11.15951,4.136942,359.4291,0.001312256,13.93969
Martes6,VideoCenteredNoDelay,11.03168,4.123147,359.3343,-0.03024292,13.98623
Martes6,VideoCenteredNoDelay,10.99767,4.14748,359.3111,-0.00994873,14.03969
Martes6,VideoCenteredNoDelay,11.02252,4.204124,359.2944,-0.007781982,14.08944
Martes6,VideoCenteredNoDelay,11.03781,4.204881,359.2831,-0.005767822,14.13012
Martes6,VideoCenteredNoDelay,11.0701,4.174606,359.2542,-0.007202148,14.19021
Martes6,VideoCenteredNoDelay,11.06301,4.151014,359.2561,-0.002380371,14.23969
Martes6,VideoCenteredNoDelay,11.05037,4.106944,359.2538,-0.001800537,14.29088
Martes6,VideoCenteredNoDelay,11.09518,4.08908,359.2543,0.007232666,14.33515
Martes6,VideoCenteredNoDelay,11.16686,4.106653,359.2764,0.009124756,14.39657
Martes6,VideoCenteredNoDelay,11.20229,4.086229,359.2772,-0.004638672,14.43608
Martes6,VideoCenteredNoDelay,11.22892,4.055531,359.2213,0.01177979,14.49831
Martes6,VideoCenteredNoDelay,11.23054,4.069993,359.2316,0.006195068,14.53858
Martes6,VideoCenteredNoDelay,11.22587,4.084647,359.2511,0.00692749,14.58064
Martes6,VideoCenteredNoDelay,11.21075,4.08709,359.2701,0.006591797,14.63969
Martes6,VideoCenteredNoDelay,11.163,4.10614,359.2735,0.003662109,14.69023
Martes6,VideoCenteredNoDelay,11.05956,4.270499,359.286,0.01879883,14.73518
Martes6,VideoCenteredNoDelay,10.97919,4.475217,359.2801,-0.0009460449,14.79969
Martes6,VideoCenteredNoDelay,10.88107,4.709107,359.2652,-0.003295898,14.83969
Martes6,VideoCenteredNoDelay,10.79011,5.032598,359.2083,-0.01745605,14.88855
Martes6,VideoCenteredNoDelay,10.69153,5.24392,359.1667,-0.003234863,14.93418
Martes6,VideoCenteredNoDelay,10.51923,5.401862,359.1414,-0.002075195,14.99969
Martes6,VideoCenteredNoDelay,9.494154,5.390238,358.8077,-0.2641296,15.03969
Martes6,VideoCenteredNoDelay,1.282195,2.954292,356.8362,-0.5645752,15.09151
Martes6,VideoCenteredNoDelay,355.0526,1.813278,356.3594,-2.427795,15.13641
Martes6,VideoCenteredNoDelay,351.7562,1.752232,356.1409,-0.01397705,15.18111
Martes6,VideoCenteredNoDelay,346.0916,1.414254,354.7677,-3.19696,15.23969
Martes6,VideoCenteredNoDelay,343.5272,1.534607,354.4857,-0.5801392,15.29
Martes6,VideoCenteredNoDelay,343.3877,1.889319,354.3503,-0.2023315,15.33579
Martes6,VideoCenteredNoDelay,343.3591,2.106626,354.1506,-0.05007935,15.3801
Martes6,VideoCenteredNoDelay,343.3742,2.215064,353.9891,-0.01620483,15.43969
Martes6,VideoCenteredNoDelay,342.864,2.312944,353.8395,-0.1937561,15.49035
Martes6,VideoCenteredNoDelay,342.205,2.352641,353.7268,-0.1690674,15.5356
Martes6,VideoCenteredNoDelay,342.3021,2.316623,353.7538,0.06484985,15.5823
Martes6,VideoCenteredNoDelay,342.6054,2.23351,353.7763,0.1646118,15.63969
Martes6,VideoCenteredNoDelay,346.8604,1.695576,354.2949,1.390686,15.69228
Martes6,VideoCenteredNoDelay,351.3212,1.353101,355.0023,1.938141,15.73788
Martes6,VideoCenteredNoDelay,355.7316,1.216303,355.6,1.714539,15.78076
Martes6,VideoCenteredNoDelay,358.9918,1.350809,356.0563,1.167755,15.83969
Martes6,VideoCenteredNoDelay,359.428,1.143316,356.9498,-0.1452332,15.89138
Martes6,VideoCenteredNoDelay,358.2598,1.330407,356.9365,-0.4765625,15.93646
Martes6,VideoCenteredNoDelay,358.4487,1.407412,357.0642,0.2561646,15.98175
Martes6,VideoCenteredNoDelay,359.7172,1.393473,357.4198,0.7189331,16.03969
Martes6,VideoCenteredNoDelay,1.955407,1.446223,357.6628,0.05328369,16.09424
Martes6,VideoCenteredNoDelay,2.160387,1.260902,357.896,0.05621338,16.13894
Martes6,VideoCenteredNoDelay,2.095124,0.9246852,357.9262,-0.01919556,16.18345
Martes6,VideoCenteredNoDelay,2.215831,0.8344864,357.9377,0.03912354,16.23969
Martes6,VideoCenteredNoDelay,2.372111,0.8914576,358.0737,0.04244995,16.293
Martes6,VideoCenteredNoDelay,2.586205,0.8881165,358.1203,-0.005004883,16.33769
Martes6,VideoCenteredNoDelay,2.758396,0.7961899,358.1495,0.01461792,16.38368
Martes6,VideoCenteredNoDelay,2.852178,0.6636453,358.1277,-0.01870728,16.43969
Martes6,VideoCenteredNoDelay,2.932389,0.4595592,358.135,0.006469727,16.49461
Martes6,VideoCenteredNoDelay,2.927462,0.4313631,358.1232,-0.003112793,16.53855
Martes6,VideoCenteredNoDelay,2.839278,0.4512672,358.1181,-0.004516602,16.58131
Martes6,VideoCenteredNoDelay,2.769256,0.4936776,358.1324,-0.0001220703,16.63969
Martes6,VideoCenteredNoDelay,2.755603,0.4724,358.1565,-0.001220703,16.69408
Martes6,VideoCenteredNoDelay,2.826745,0.4511085,358.1639,0.002166748,16.73797
Martes6,VideoCenteredNoDelay,3.000307,0.4479783,358.0946,-0.04119873,16.78379
Martes6,VideoCenteredNoDelay,3.098579,0.4972463,358.1096,0.008789063,16.83969
Martes6,VideoCenteredNoDelay,3.279873,0.5592568,358.1824,0.02734375,16.89437
Martes6,VideoCenteredNoDelay,3.425529,0.5547307,358.1916,0.01757813,16.93624
Martes6,VideoCenteredNoDelay,3.498456,0.5653742,358.1444,-0.01791382,16.98162
Martes6,VideoCenteredNoDelay,3.546877,0.5793309,358.1032,-0.02938843,17.03969
Martes6,VideoCenteredNoDelay,3.574486,0.6402925,358.0465,-0.01193237,17.0931
Martes6,VideoCenteredNoDelay,3.636497,0.6318312,358.0103,-0.01690674,17.13846
Martes6,VideoCenteredNoDelay,3.717541,0.611192,357.9697,-0.0173645,17.18374
Martes6,VideoCenteredNoDelay,3.794223,0.5931357,357.9148,-0.02206421,17.23969
Martes6,VideoCenteredNoDelay,3.885007,0.5730764,357.9075,0.006134033,17.29475
Martes6,VideoCenteredNoDelay,3.971209,0.5377951,357.9086,-0.003723145,17.33829
Martes6,VideoCenteredNoDelay,4.032515,0.5479053,357.9031,-0.005462646,17.38377
Martes6,VideoCenteredNoDelay,4.104789,0.5591369,357.8963,-0.008789063,17.43969
Martes6,VideoCenteredNoDelay,4.196585,0.6194103,357.9215,0.02444458,17.49373
Martes6,VideoCenteredNoDelay,4.241656,0.619302,357.9254,0.005310059,17.53878
Martes6,VideoCenteredNoDelay,4.313363,0.6283073,357.8892,-0.01275635,17.58358
Martes6,VideoCenteredNoDelay,4.365833,0.6321148,357.8954,0.006347656,17.63969
Martes6,VideoCenteredNoDelay,4.445311,0.6088372,357.9244,0.005523682,17.69553
Martes6,VideoCenteredNoDelay,4.51479,0.5540131,357.9232,0.00302124,17.73829
Martes6,VideoCenteredNoDelay,4.55724,0.5376797,357.9181,0.01275635,17.78463
Martes6,VideoCenteredNoDelay,4.540996,0.5640515,357.9229,0.0003356934,17.83969
Martes6,VideoCenteredNoDelay,4.500191,0.6077334,357.8758,-0.0105896,17.89382
Martes6,VideoCenteredNoDelay,4.505188,0.627291,357.86,-0.01171875,17.93772
Martes6,VideoCenteredNoDelay,4.524745,0.6463581,357.8314,-0.01257324,17.98281
Martes6,VideoCenteredNoDelay,4.528047,0.9730554,357.7245,-0.08102417,18.03033
Martes6,VideoCenteredNoDelay,4.621879,7.5147,357.664,0.311615,18.09619
Martes6,VideoCenteredNoDelay,4.866024,12.65681,358.1167,0.2954407,18.13951
Martes6,VideoCenteredNoDelay,4.812384,15.89131,358.5291,0.2277832,18.18604
Martes6,VideoCenteredNoDelay,4.793405,17.18099,358.7468,0.1811829,18.23969
Martes6,VideoCenteredNoDelay,4.440183,17.6755,358.7474,-0.03701782,18.29741
Martes6,VideoCenteredNoDelay,4.110862,17.67374,358.8915,0.105011,18.33926
Martes6,VideoCenteredNoDelay,3.61345,18.46035,359.1243,0.1780701,18.38425
Martes6,VideoCenteredNoDelay,3.23305,19.41711,359.2292,0.0821228,18.43969
Martes6,VideoCenteredNoDelay,2.942771,20.70827,359.6021,0.05044556,18.4965
Martes6,VideoCenteredNoDelay,3.06482,21.13957,359.6561,0.08001709,18.53969
Martes6,VideoCenteredNoDelay,3.479472,22.18009,359.8013,0.09320068,18.58525
Martes6,VideoCenteredNoDelay,3.509957,22.38571,359.9207,-0.008392334,18.63969
Martes6,VideoCenteredNoDelay,3.511314,22.7035,359.9089,-0.07601929,18.68969
Martes6,VideoCenteredNoDelay,3.530665,22.79221,359.9743,0.05413818,18.73213
Martes6,VideoCenteredNoDelay,4.15832,22.80933,0.2022771,0.1157322,18.79272
Martes6,VideoCenteredNoDelay,4.771613,22.59714,0.344313,-0.0638485,18.83356
Martes6,VideoCenteredNoDelay,4.860514,22.48171,0.2783105,-0.06734276,18.88022
Martes6,VideoCenteredNoDelay,4.845673,22.45397,0.284383,-0.01078224,18.93969
Martes6,VideoCenteredNoDelay,4.858306,22.3685,0.3499949,-0.02754021,18.9862
Martes6,VideoCenteredNoDelay,4.812531,22.41308,0.4208091,0.03044891,19.03063
Martes6,VideoCenteredNoDelay,4.97604,22.24453,0.547049,-0.1080551,19.09584
Martes6,VideoCenteredNoDelay,5.092462,22.01727,0.5792552,-0.1409321,19.13949
Martes6,VideoCenteredNoDelay,5.154548,21.80627,0.6249391,-0.09044266,19.18417
Martes6,VideoCenteredNoDelay,5.187911,21.66814,0.6227207,-0.08840179,19.2303
Martes6,VideoCenteredNoDelay,5.246824,21.52956,0.6425325,-0.02017593,19.29506
Martes6,VideoCenteredNoDelay,5.268213,21.50141,0.656598,0.002943039,19.33942
Martes6,VideoCenteredNoDelay,5.305346,21.51266,0.713847,0.007585526,19.38278
Martes6,VideoCenteredNoDelay,5.372099,21.44584,0.7133443,-0.01877785,19.43969
Martes6,VideoCenteredNoDelay,5.423701,21.33408,0.7118446,-0.03410339,19.49668
Martes6,VideoCenteredNoDelay,5.466411,21.31059,0.6807899,-0.01317024,19.53969
Martes6,VideoCenteredNoDelay,5.520416,21.15172,0.6340711,-0.05793762,19.58534
Martes6,VideoCenteredNoDelay,5.526484,21.12554,0.6332889,-0.01800919,19.62982
Martes6,VideoCenteredNoDelay,5.554287,21.10325,0.6242228,0.01664925,19.69732
Martes6,VideoCenteredNoDelay,5.558605,21.10758,0.6244042,0.00528717,19.73969
Martes6,VideoCenteredNoDelay,5.5422,21.11677,0.6239641,-0.002370834,19.78359
Martes6,VideoCenteredNoDelay,5.525049,21.07351,0.6298556,-0.03122902,19.83969
Martes6,VideoCenteredNoDelay,5.513891,21.0571,0.6306258,0.004415512,19.89529
Martes6,VideoCenteredNoDelay,5.518989,21.07508,0.6313395,0.01870155,19.93969
Martes6,VideoCenteredNoDelay,5.539423,21.12794,0.6260144,0.02077866,19.98455
Martes6,VideoCenteredNoDelay,5.50546,21.15274,0.6243867,0.01600456,20.03048
Martes6,VideoCenteredNoDelay,5.46329,21.15866,0.6143115,-0.01388359,20.09542
Martes6,VideoCenteredNoDelay,5.444397,21.15698,0.606545,-0.006555557,20.13969
Martes6,VideoCenteredNoDelay,5.43831,21.15652,0.5263611,0.01074219,20.18368
Martes6,VideoCenteredNoDelay,5.457235,21.20289,0.5177133,0.01667976,20.23969
Martes6,VideoCenteredNoDelay,5.470796,21.24477,0.5102755,0.007720947,20.29774
Martes6,VideoCenteredNoDelay,5.480816,21.23092,0.4970456,-0.0154953,20.33821
Martes6,VideoCenteredNoDelay,5.457227,21.23792,0.477511,0.002416611,20.38597
Martes6,VideoCenteredNoDelay,5.4202,21.23544,0.4470915,-0.007843018,20.42985
Martes6,VideoCenteredNoDelay,5.395298,21.26536,0.4095508,-0.0003471375,20.49553
Martes6,VideoCenteredNoDelay,5.404654,21.27705,0.4051096,0.01354408,20.53969
Martes6,VideoCenteredNoDelay,5.452534,21.25579,0.3635605,-0.007896423,20.58292
Martes6,VideoCenteredNoDelay,5.484338,21.27962,0.3170759,0.02737045,20.63003
Martes6,VideoCenteredNoDelay,5.491699,21.34556,0.2834595,0.01938248,20.69795
Martes6,VideoCenteredNoDelay,5.482771,21.35726,0.2788098,0.009052277,20.73969
Martes6,VideoCenteredNoDelay,5.478082,21.34754,0.2821037,-0.006151199,20.78419
Martes6,VideoCenteredNoDelay,5.5031,21.33775,0.2773027,-0.003976822,20.83969
Martes6,VideoCenteredNoDelay,5.537969,21.32182,0.2868321,-0.001527786,20.8966
Martes6,VideoCenteredNoDelay,5.548003,21.32057,0.2878198,0.0013237,20.93969
Martes6,VideoCenteredNoDelay,5.552239,21.34026,0.2894681,-0.003911972,20.98481
Martes6,VideoCenteredNoDelay,5.530778,21.35059,0.2867707,-0.00189209,21.03007
Martes6,VideoCenteredNoDelay,5.536511,21.31767,0.2516044,-0.01384354,21.09783
Martes6,VideoCenteredNoDelay,5.563235,21.2796,0.2604205,-0.02999878,21.13968
Martes6,VideoCenteredNoDelay,5.621639,21.18896,0.3223956,-0.03638077,21.18383
Martes6,VideoCenteredNoDelay,5.671349,21.11275,0.3502756,-0.03297615,21.23969
Martes6,VideoCenteredNoDelay,5.693969,21.02286,0.3821357,-0.02526093,21.2956
Martes6,VideoCenteredNoDelay,5.686417,21.00337,0.3866573,-0.02070045,21.33969
Martes6,VideoCenteredNoDelay,5.681529,20.9643,0.3647996,-0.01038551,21.38388
Martes6,VideoCenteredNoDelay,5.697992,20.95473,0.3617553,-0.001970291,21.43969
Martes6,VideoCenteredNoDelay,5.726322,20.94193,0.3398517,-0.001194,21.49458
Martes6,VideoCenteredNoDelay,5.762733,20.89418,0.3192552,-0.02083778,21.53961
Martes6,VideoCenteredNoDelay,5.760443,20.88509,0.3270219,-0.009681702,21.58529
Martes6,VideoCenteredNoDelay,5.754252,20.8476,0.33284,-0.01632309,21.63968
Martes6,VideoCenteredNoDelay,5.748936,20.80777,0.3227352,-0.009702682,21.69557
Martes6,VideoCenteredNoDelay,5.75052,20.80361,0.3211744,-0.003606796,21.73969
Martes6,VideoCenteredNoDelay,5.753784,20.83933,0.3110805,0.02292442,21.78268
Martes6,VideoCenteredNoDelay,5.74185,20.87723,0.2905786,0.02314568,21.83969
Martes6,VideoCenteredNoDelay,5.732971,20.9192,0.2994703,0.009838104,21.89457
Martes6,VideoCenteredNoDelay,5.719995,20.92065,0.304378,-0.005369186,21.93951
Martes6,VideoCenteredNoDelay,5.709046,20.88577,0.3142886,-0.02684784,21.98649
Martes6,VideoCenteredNoDelay,5.717506,20.86512,0.2729945,-0.0002784729,22.02979
Martes6,VideoCenteredNoDelay,5.736149,20.88067,0.2735685,0.01196289,22.09689
Martes6,VideoCenteredNoDelay,5.739928,20.89491,0.2844294,0.0148716,22.13968
Martes6,VideoCenteredNoDelay,5.751976,20.89457,0.2928171,-0.007392883,22.18434
Martes6,VideoCenteredNoDelay,5.716059,20.87528,0.2664312,-0.007652283,22.23969
Martes6,VideoCenteredNoDelay,5.671463,20.89098,0.230934,0.007888794,22.29537
Martes6,VideoCenteredNoDelay,5.661952,20.91119,0.2161206,0.01686287,22.33969
Martes6,VideoCenteredNoDelay,5.65427,20.92947,0.202576,0.003036499,22.38629
Martes6,VideoCenteredNoDelay,5.675681,20.9113,0.1852165,-0.01102066,22.43969
Martes6,VideoCenteredNoDelay,5.699702,20.89795,0.1732804,0.003204346,22.49557
Martes6,VideoCenteredNoDelay,5.690099,20.89146,0.1813838,-0.008718491,22.53969
Martes6,VideoCenteredNoDelay,5.674369,20.84118,0.2087198,-0.02861595,22.58532
Martes6,VideoCenteredNoDelay,5.714952,20.79749,0.2227761,-0.02271271,22.63968
Martes6,VideoCenteredNoDelay,5.840294,20.60549,0.2596089,-0.06276894,22.69471
Martes6,VideoCenteredNoDelay,5.944835,20.38816,0.2693487,-0.1798515,22.73969
Martes6,VideoCenteredNoDelay,6.254277,19.40982,0.2662881,-0.289896,22.78445
Martes6,VideoCenteredNoDelay,6.585511,18.67077,0.2864345,-0.2709866,22.83969
Martes6,VideoCenteredNoDelay,7.038461,17.30888,0.2712073,-0.3511791,22.89513
Martes6,VideoCenteredNoDelay,7.150031,16.77893,0.2835564,-0.4461365,22.93969
Martes6,VideoCenteredNoDelay,7.712631,15.17101,0.1141757,-0.396225,22.98554
Martes6,VideoCenteredNoDelay,8.144058,14.12732,359.9222,343.6489,23.03969
Martes6,VideoCenteredNoDelay,8.742154,12.17663,359.5034,-0.1521606,23.09381
Martes6,VideoCenteredNoDelay,8.968894,11.52474,359.3457,-0.1735229,23.13968
Martes6,VideoCenteredNoDelay,9.456425,9.730149,358.9825,-0.1544495,23.18433
Martes6,VideoCenteredNoDelay,9.482691,8.566899,358.5683,-0.2199097,23.23969
Martes6,VideoCenteredNoDelay,9.121581,7.001698,358.2765,-0.08398438,23.2954
Martes6,VideoCenteredNoDelay,8.904759,6.633057,358.1851,-0.1038208,23.33969
Martes6,VideoCenteredNoDelay,8.633319,5.515986,357.6808,-0.1489258,23.38717
Martes6,VideoCenteredNoDelay,8.858977,4.893631,357.1577,-0.2897339,23.43969
Martes6,VideoCenteredNoDelay,10.44939,4.46467,355.9113,-0.411499,23.49527
Martes6,VideoCenteredNoDelay,10.93151,4.369809,355.7482,-0.1497192,23.53969
Martes6,VideoCenteredNoDelay,11.53366,3.810257,355.138,-0.2905884,23.58499
Martes6,VideoCenteredNoDelay,12.03086,3.411948,354.884,-0.08486938,23.63968
Martes6,VideoCenteredNoDelay,12.80243,2.219809,354.4884,-0.1394348,23.69559
Martes6,VideoCenteredNoDelay,13.91151,1.121969,354.8963,0.306366,23.73809
Martes6,VideoCenteredNoDelay,14.8404,359.8772,355.8586,150.7032,23.78325
Martes6,VideoCenteredNoDelay,14.95116,358.5463,356.5874,-0.3984375,23.83969
Martes6,VideoCenteredNoDelay,15.1371,356.4958,356.6382,-0.4913025,23.89478
Martes6,VideoCenteredNoDelay,16.24758,354.908,356.0962,-0.9193115,23.93864
Martes6,VideoCenteredNoDelay,16.67338,353.1178,354.7837,-1.150085,23.98343
Martes6,VideoCenteredNoDelay,16.83493,351.6677,353.1496,-1.021698,24.03969
Martes6,VideoCenteredNoDelay,16.9351,351.1512,352.355,-0.09484863,24.09657
Martes6,VideoCenteredNoDelay,18.1158,350.6949,352.6428,-0.09680176,24.13949
Martes6,VideoCenteredNoDelay,18.9999,350.3489,352.5859,-0.149231,24.18555
Martes6,VideoCenteredNoDelay,18.62367,350.6172,352.61,0.1313782,24.23969
Martes6,VideoCenteredNoDelay,18.43071,350.7225,352.5706,0.007720947,24.29581
Martes6,VideoCenteredNoDelay,19.01008,350.9888,352.4914,0.09118652,24.33927
Martes6,VideoCenteredNoDelay,20.02979,351.7149,352.2715,0.1580505,24.38461
Martes6,VideoCenteredNoDelay,20.41715,352.1348,352.5131,0.2056274,24.43006
Martes6,VideoCenteredNoDelay,20.1557,352.0505,352.3504,-0.04022217,24.49749
Martes6,VideoCenteredNoDelay,19.68756,351.9374,352.6389,0.109436,24.53957
Martes6,VideoCenteredNoDelay,18.62564,351.5388,353.7665,0.2156372,24.5865
Martes6,VideoCenteredNoDelay,17.54606,350.8671,354.3335,-0.2983398,24.63968
Martes6,VideoCenteredNoDelay,16.40009,350.3652,353.9048,-0.2229919,24.69708
Martes6,VideoCenteredNoDelay,15.55195,350.3539,354.0822,0.1402893,24.7394
Martes6,VideoCenteredNoDelay,12.97764,349.6208,353.791,-0.355957,24.78511
Martes6,VideoCenteredNoDelay,10.12085,349.4142,354.7746,0.2401123,24.83053
Martes6,VideoCenteredNoDelay,3.181821,349.5988,354.4268,-0.4420166,24.89704
Martes6,VideoCenteredNoDelay,0.1022664,350.0609,353.5581,-0.3033142,24.93969
Martes6,VideoCenteredNoDelay,348.8468,353.072,351.0482,-1.80188,24.98664
Martes6,VideoCenteredNoDelay,343.7406,355.9533,350.9396,-0.1192017,25.03117
Martes6,VideoCenteredNoDelay,341.6828,358.4805,352.3678,-0.07318115,25.09727
Martes6,VideoCenteredNoDelay,340.4965,358.7394,352.721,-0.3081665,25.13968
Martes6,VideoCenteredNoDelay,337.5905,358.6597,356.2617,0.505188,25.1855
Martes6,VideoCenteredNoDelay,335.1685,359.012,357.7257,-0.4849243,25.23066
Martes6,VideoCenteredNoDelay,329.94,0.3806046,356.002,-120.168,25.29536
Martes6,VideoCenteredNoDelay,329.3489,1.109282,355.3223,-0.899231,25.33969
Martes6,VideoCenteredNoDelay,329.1413,3.855972,355.5245,0.4612732,25.38485
Martes6,VideoCenteredNoDelay,330.3372,7.053706,354.9915,-0.2709656,25.4298
Martes6,VideoCenteredNoDelay,331.5458,6.226443,354.0078,0.1577759,25.49657
Martes6,VideoCenteredNoDelay,330.7463,5.839406,352.9616,-0.8970337,25.53917
Martes6,VideoCenteredNoDelay,328.9222,6.972293,351.2855,-1.073669,25.58474
Martes6,VideoCenteredNoDelay,326.9207,7.421505,352.3571,0.02316284,25.63968
Martes6,VideoCenteredNoDelay,325.3649,6.767443,353.5626,-0.173645,25.69686
Martes6,VideoCenteredNoDelay,325.1894,6.133248,354.0965,0.2657776,25.73969
Martes6,VideoCenteredNoDelay,325.7592,3.522104,355.8616,0.5896301,25.78388
Martes6,VideoCenteredNoDelay,325.9833,1.676928,356.6268,0.2625122,25.83969
Martes6,VideoCenteredNoDelay,325.894,359.7984,357.5973,119.4383,25.89763
Martes6,VideoCenteredNoDelay,324.8407,359.2125,357.9821,-0.3190308,25.93846
Martes6,VideoCenteredNoDelay,324.1633,358.8211,358.1226,-0.1725464,25.98445
Martes6,VideoCenteredNoDelay,324.3343,359.1538,357.5877,0.07116699,26.03145
Martes6,VideoCenteredNoDelay,324.9406,2.050919,354.5156,-0.5736084,26.09559
Martes6,VideoCenteredNoDelay,325.6634,3.254592,353.6481,-0.143158,26.13968
Martes6,VideoCenteredNoDelay,327.3005,4.286639,354.4617,0.6628723,26.18356
Martes6,VideoCenteredNoDelay,328.3881,6.260507,352.6695,-0.6724854,26.23969
Martes6,VideoCenteredNoDelay,327.821,8.337147,352.6245,0.1436768,26.29798
Martes6,VideoCenteredNoDelay,327.7377,7.929706,353.3498,0.4678955,26.33969
Martes6,VideoCenteredNoDelay,328.5712,7.959283,353.0505,0.0329895,26.38474
Martes6,VideoCenteredNoDelay,329.6579,8.072264,352.8518,0.4632568,26.43969
Martes6,VideoCenteredNoDelay,332.3989,7.021419,353.571,0.8936157,26.49581
Martes6,VideoCenteredNoDelay,333.3792,6.807687,353.8263,0.8546753,26.53969
Martes6,VideoCenteredNoDelay,336.5632,5.33236,355.0544,0.8686829,26.58402
Martes6,VideoCenteredNoDelay,336.2399,4.655289,355.3314,-0.1929016,26.63968
Martes6,VideoCenteredNoDelay,335.829,4.495942,355.0262,-0.05227661,26.69782
Martes6,VideoCenteredNoDelay,336.1888,4.472636,354.9702,0.1463623,26.73847
Martes6,VideoCenteredNoDelay,337.8892,4.577549,354.8586,0.6457214,26.7854
Martes6,VideoCenteredNoDelay,340.354,4.893261,354.8925,0.9523315,26.83969
Martes6,VideoCenteredNoDelay,345.145,5.050189,355.1793,1.15274,26.89544
Martes6,VideoCenteredNoDelay,346.0766,4.734917,355.4344,0.8293457,26.93969
Martes6,VideoCenteredNoDelay,346.9085,4.164302,355.3685,0.06414795,26.98341
Martes6,VideoCenteredNoDelay,347.4319,3.641648,355.5932,0.2633972,27.02979
Martes6,VideoCenteredNoDelay,347.5665,2.970643,355.9307,0.2501221,27.09793
Martes6,VideoCenteredNoDelay,347.8569,2.713034,356.0975,0.3208618,27.13968
Martes6,VideoCenteredNoDelay,349.0691,2.268533,356.3857,0.2645264,27.1841
Martes6,VideoCenteredNoDelay,349.8569,2.021302,356.3936,0.2367249,27.23969
Martes6,VideoCenteredNoDelay,349.832,1.819118,356.3356,-0.1350098,27.29528
Martes6,VideoCenteredNoDelay,349.7227,1.885352,356.3332,-0.07806396,27.33969
Martes6,VideoCenteredNoDelay,349.5983,1.791484,356.3724,-0.01455688,27.38447
Martes6,VideoCenteredNoDelay,349.5332,1.769793,356.4121,0.00390625,27.43026
Martes6,VideoCenteredNoDelay,349.5599,1.715439,356.4081,0.00604248,27.49682
Martes6,VideoCenteredNoDelay,349.632,1.658672,356.3976,0.02993774,27.53873
Martes6,VideoCenteredNoDelay,349.6685,1.585896,356.3597,0.001739502,27.58423
Martes6,VideoCenteredNoDelay,349.6463,1.49582,356.3456,0.00177002,27.63968
Martes6,VideoCenteredNoDelay,349.6641,1.295366,356.3911,0.02124023,27.69426
Martes6,VideoCenteredNoDelay,349.7188,1.25056,356.3419,0.003082275,27.73969
Martes6,VideoCenteredNoDelay,349.6236,1.087693,356.2345,-0.03161621,27.78357
Martes6,VideoCenteredNoDelay,349.5865,1.024357,356.1662,-0.04403687,27.83969
Martes6,VideoCenteredNoDelay,349.5271,1.035608,356.123,-0.006866455,27.89452
Martes6,VideoCenteredNoDelay,349.51,1.061885,356.1253,-0.01028442,27.93969
Martes6,VideoCenteredNoDelay,349.2,1.147706,356.2662,-0.05194092,27.98373
Martes6,VideoCenteredNoDelay,349.1973,1.056625,356.3698,0.03036499,28.03969
Martes6,VideoCenteredNoDelay,349.3256,0.6718608,356.4051,0.07144165,28.09473
Martes6,VideoCenteredNoDelay,349.6249,0.5070187,356.3255,0.1525879,28.13968
Martes6,VideoCenteredNoDelay,350.0617,0.1479416,356.1216,0.02697754,28.18387
Martes6,VideoCenteredNoDelay,350.1468,0.1327857,356.0521,0.008392334,28.23969
Martes6,VideoCenteredNoDelay,350.3231,0.2632639,355.9125,-0.0027771,28.29436
Martes6,VideoCenteredNoDelay,350.3515,0.3569677,355.9193,0.02481079,28.33969
Martes6,VideoCenteredNoDelay,350.0602,0.5817573,355.9561,-0.09338379,28.38442
Martes6,VideoCenteredNoDelay,349.731,0.5912502,355.9583,-0.1044006,28.43969
Martes6,VideoCenteredNoDelay,349.7012,0.5841173,355.9149,-0.0302124,28.49566
Martes6,VideoCenteredNoDelay,349.6888,0.5851084,355.8652,-0.04412842,28.53969
Martes6,VideoCenteredNoDelay,349.7249,0.5791658,355.7421,-0.01464844,28.58548
Martes6,VideoCenteredNoDelay,349.7574,0.5613889,355.6223,-0.03585815,28.63968
Martes6,VideoCenteredNoDelay,349.7422,0.5034951,355.5342,-0.03713989,28.69328
Martes6,VideoCenteredNoDelay,349.7211,0.4997668,355.5411,-0.009796143,28.73969
Martes6,VideoCenteredNoDelay,349.7227,0.4661153,355.6123,0.01690674,28.78395
Martes6,VideoCenteredNoDelay,349.7111,0.3690901,355.6644,0.009613037,28.83969
Martes6,VideoCenteredNoDelay,349.5779,0.2414024,355.693,-0.01803589,28.8942
Martes6,VideoCenteredNoDelay,349.5583,0.2552415,355.6977,-0.01034546,28.93969
Martes6,VideoCenteredNoDelay,349.4944,0.273482,355.7242,-0.009857178,28.98574
Martes6,VideoCenteredNoDelay,349.4825,0.2868358,355.7095,-0.007995605,29.03969
Martes6,VideoCenteredNoDelay,349.4658,0.2632887,355.7074,-0.003723145,29.09471
Martes6,VideoCenteredNoDelay,349.4565,0.2390424,355.7156,-0.0006713867,29.13968
Martes6,VideoCenteredNoDelay,349.3923,0.1462242,355.734,-0.02932739,29.18419
Martes6,VideoCenteredNoDelay,349.3698,0.1252256,355.73,-0.01126099,29.23969
Martes6,VideoCenteredNoDelay,349.3559,0.09942732,355.7956,0.01898193,29.29551
Martes6,VideoCenteredNoDelay,349.3637,0.07708819,355.8033,0.01089478,29.33969
Martes6,VideoCenteredNoDelay,349.3156,359.9892,355.8049,116.3356,29.38527
Martes6,VideoCenteredNoDelay,349.2325,359.957,355.8154,-0.02935791,29.43969
Martes6,VideoCenteredNoDelay,349.1043,359.9576,355.7836,-0.03411865,29.49491
Martes6,VideoCenteredNoDelay,349.0722,359.9543,355.7972,-0.01220703,29.53969
Martes6,VideoCenteredNoDelay,348.9612,359.9809,355.804,-0.02075195,29.58466
Martes6,VideoCenteredNoDelay,348.8287,359.9679,355.8002,-0.04766846,29.63004
Martes6,VideoCenteredNoDelay,348.6904,359.8336,355.7256,-0.06158447,29.6952
Martes6,VideoCenteredNoDelay,348.6368,359.8035,355.6859,-0.07104492,29.73969
Martes6,VideoCenteredNoDelay,348.4142,359.8969,355.5733,-0.007507324,29.78416
Martes6,VideoCenteredNoDelay,348.3299,0.03168803,355.5386,-116.5267,29.83969
Martes6,VideoCenteredNoDelay,348.2424,0.2299731,355.5199,0.01296997,29.89516
Martes6,VideoCenteredNoDelay,348.2547,0.3016845,355.518,0.007324219,29.93969
Martes6,VideoCenteredNoDelay,348.3891,0.2774622,355.518,0.02728271,29.98709
subject ID,condition,rotationAngle_x,rotationAngle_y,rotationAngle_z,acceleration,time stamp
Martes6,VideoTiltedNoDelay,14.81715,357.9377,346.1619,498.1636,0
Martes6,VideoTiltedNoDelay,14.67956,357.8132,346.0663,-0.01217651,0.0403165
Martes6,VideoTiltedNoDelay,14.58854,357.7377,346.0309,0.00289917,0.08509282
Martes6,VideoTiltedNoDelay,14.53211,357.7243,346.0184,-0.005401611,0.1310459
Martes6,VideoTiltedNoDelay,14.54434,357.7184,345.9912,9.155273E-05,0.1854848
Martes6,VideoTiltedNoDelay,14.5585,357.7269,345.9744,0.002532959,0.2403165
Martes6,VideoTiltedNoDelay,14.47501,357.799,345.9697,0.004302979,0.2868721
Martes6,VideoTiltedNoDelay,14.44604,357.803,345.9702,0.005249023,0.3312656
Martes6,VideoTiltedNoDelay,14.35474,357.8034,345.9821,0.009796143,0.3855962
Martes6,VideoTiltedNoDelay,14.05033,357.9257,346.0259,0.06640625,0.4314689
Martes6,VideoTiltedNoDelay,13.78238,358.0527,346.1099,0.03005981,0.4854659
Martes6,VideoTiltedNoDelay,13.42393,358.2061,346.1785,0.06399536,0.5304165
Martes6,VideoTiltedNoDelay,12.55816,358.7225,346.3498,0.09683228,0.5851339
Martes6,VideoTiltedNoDelay,11.94831,359.1588,346.506,0.1715393,0.6403165
Martes6,VideoTiltedNoDelay,11.55722,359.3686,346.4023,0.009460449,0.6861852
Martes6,VideoTiltedNoDelay,9.986268,359.7907,346.4886,0.1121521,0.7403165
Martes6,VideoTiltedNoDelay,5.379851,1.252032,347.1421,0.1750183,0.7857799
Martes6,VideoTiltedNoDelay,0.2278345,2.99543,347.9398,0.2358398,0.8309608
Martes6,VideoTiltedNoDelay,353.4219,4.871342,348.542,-0.8139648,0.8852275
Martes6,VideoTiltedNoDelay,349.6275,5.675641,348.6643,-0.5086365,0.9403165
Martes6,VideoTiltedNoDelay,349.8169,5.150856,348.3486,0.3879395,0.985598
Martes6,VideoTiltedNoDelay,353.6411,4.28314,347.883,0.6336365,1.040316
Martes6,VideoTiltedNoDelay,358.3445,4.126458,346.8498,0.3978271,1.085897
Martes6,VideoTiltedNoDelay,359.3561,4.759452,346.5754,-0.04730225,1.140316
Martes6,VideoTiltedNoDelay,354.6365,4.288058,348.0322,-0.7314758,1.185557
Martes6,VideoTiltedNoDelay,349.6742,3.068408,350.6336,-0.2545471,1.230728
Martes6,VideoTiltedNoDelay,346.9421,1.772843,351.8341,-0.1791687,1.285177
Martes6,VideoTiltedNoDelay,346.0991,1.315632,352.5526,-0.1487122,1.340317
Martes6,VideoTiltedNoDelay,342.4956,2.839177,353.4683,-0.4628296,1.387167
Martes6,VideoTiltedNoDelay,339.5509,5.250245,353.9192,-0.3801575,1.440316
Martes6,VideoTiltedNoDelay,335.6415,8.403541,353.7449,-0.8082581,1.486598
Martes6,VideoTiltedNoDelay,330.6589,10.38506,352.7201,-1.047241,1.53169
Martes6,VideoTiltedNoDelay,333.4612,8.988178,355.5453,3.567474,1.586226
Martes6,VideoTiltedNoDelay,345.7961,7.73138,355.4577,1.315094,1.630489
Martes6,VideoTiltedNoDelay,353.0799,7.639579,356.4331,1.332184,1.685987
Martes6,VideoTiltedNoDelay,359.9568,6.46888,357.8579,1.315735,1.740317
Martes6,VideoTiltedNoDelay,8.327478,3.225281,0.8388633,1.212645,1.785795
Martes6,VideoTiltedNoDelay,13.88442,3.582711,1.847231,1.572605,1.840316
Martes6,VideoTiltedNoDelay,17.00948,3.350162,0.6044357,-0.2796173,1.886669
Martes6,VideoTiltedNoDelay,14.61345,2.314037,0.02209974,-0.6925583,1.940316
Martes6,VideoTiltedNoDelay,11.39501,1.266952,358.9684,-0.1238098,1.98507
Martes6,VideoTiltedNoDelay,9.823526,0.9486666,358.3874,-0.04620361,2.032731
Martes6,VideoTiltedNoDelay,8.92826,0.5921848,358.0954,-0.08285522,2.08642
Martes6,VideoTiltedNoDelay,8.426837,0.2559634,358.8559,0.1799622,2.140316
Martes6,VideoTiltedNoDelay,6.44363,0.6676405,358.0057,-0.5973511,2.188386
Martes6,VideoTiltedNoDelay,6.357208,0.9597385,357.6346,-0.08135986,2.232512
Martes6,VideoTiltedNoDelay,6.575022,0.7233497,357.213,-0.05462646,2.288033
Martes6,VideoTiltedNoDelay,6.314127,0.6395339,357.5421,0.1233521,2.331945
Martes6,VideoTiltedNoDelay,6.339271,0.3330753,357.6402,-0.0005493164,2.387064
Martes6,VideoTiltedNoDelay,7.373302,0.6897849,357.6057,0.1239929,2.430528
Martes6,VideoTiltedNoDelay,8.886697,1.529398,358.4195,0.1441345,2.485975
Martes6,VideoTiltedNoDelay,10.61447,2.004504,358.7846,0.1176147,2.530578
Martes6,VideoTiltedNoDelay,10.74276,2.213648,359.7225,0.1651917,2.585865
Martes6,VideoTiltedNoDelay,10.98825,2.291104,359.8759,0.00958252,2.640316
Martes6,VideoTiltedNoDelay,11.71941,2.536405,-0.003554723,0.09597492,2.685065
Martes6,VideoTiltedNoDelay,11.66618,2.518664,0.02648778,-348.2538,2.739398
Martes6,VideoTiltedNoDelay,11.7352,2.838838,-0.004997242,0.04513741,2.784691
Martes6,VideoTiltedNoDelay,11.66483,3.496849,359.6483,-0.03875732,2.838376
Martes6,VideoTiltedNoDelay,11.63187,3.590043,359.5797,-0.0328064,2.883371
Martes6,VideoTiltedNoDelay,11.36716,3.698565,359.4135,-0.0668335,2.938948
Martes6,VideoTiltedNoDelay,10.99594,3.785662,359.4282,0.02890015,2.983596
Martes6,VideoTiltedNoDelay,10.95607,3.746463,359.7231,0.05001831,3.038481
Martes6,VideoTiltedNoDelay,11.15691,3.762179,0.01070912,-348.3727,3.081788
Martes6,VideoTiltedNoDelay,11.2936,3.715558,0.1024935,0.006034851,3.138423
Martes6,VideoTiltedNoDelay,11.41719,3.623721,0.1137184,0.0257206,3.182769
Martes6,VideoTiltedNoDelay,11.44333,3.506791,359.979,348.209,3.238231
Martes6,VideoTiltedNoDelay,11.41039,3.310388,0.08559849,-0.0440712,3.282141
Martes6,VideoTiltedNoDelay,11.49128,2.948038,1.065986,0.02754784,3.33775
Martes6,VideoTiltedNoDelay,11.91663,2.632715,3.046465,0.3575411,3.382192
Martes6,VideoTiltedNoDelay,12.45382,2.644389,5.875467,0.4264851,3.437834
Martes6,VideoTiltedNoDelay,12.79908,2.995295,9.828126,0.6753044,3.480969
Martes6,VideoTiltedNoDelay,12.87716,3.681697,15.32833,0.7289124,3.538527
Martes6,VideoTiltedNoDelay,12.97496,3.446865,18.30441,0.4484787,3.58285
Martes6,VideoTiltedNoDelay,13.19542,2.868582,19.6061,0.1268959,3.635808
Martes6,VideoTiltedNoDelay,13.18642,2.706876,20.24006,0.1304607,3.68138
Martes6,VideoTiltedNoDelay,13.25589,2.479306,20.85641,0.08140182,3.735841
Martes6,VideoTiltedNoDelay,13.7179,2.32867,21.25661,0.08165169,3.792809
Martes6,VideoTiltedNoDelay,13.84378,2.219771,21.17557,-0.03573227,3.836239
Martes6,VideoTiltedNoDelay,14.03393,2.271865,20.61995,-0.1642361,3.892129
Martes6,VideoTiltedNoDelay,14.42248,2.233918,19.49238,-0.205471,3.935801
Martes6,VideoTiltedNoDelay,14.90729,2.012923,16.99853,-0.6004696,3.980702
Martes6,VideoTiltedNoDelay,15.37551,1.210778,10.66123,-0.656374,4.035115
Martes6,VideoTiltedNoDelay,15.83634,0.5937297,5.95185,-0.3754807,4.080412
Martes6,VideoTiltedNoDelay,15.27878,1.556719,2.69212,-0.1091137,4.135769
Martes6,VideoTiltedNoDelay,14.87308,3.297954,1.543073,-0.069067,4.192104
Martes6,VideoTiltedNoDelay,14.68695,4.240058,0.6614997,0.04737282,4.235857
Martes6,VideoTiltedNoDelay,14.65086,4.703533,359.1708,-0.2547607,4.291796
Martes6,VideoTiltedNoDelay,14.41748,4.581979,358.1646,-0.2237549,4.335152
Martes6,VideoTiltedNoDelay,14.13419,4.535045,357.0156,-0.3560791,4.380624
Martes6,VideoTiltedNoDelay,13.68906,4.798659,355.2174,-0.3559875,4.435218
Martes6,VideoTiltedNoDelay,12.4714,5.627658,353.2363,-0.4411011,4.490333
Martes6,VideoTiltedNoDelay,11.4132,6.960572,352.1037,-0.228363,4.535522
Martes6,VideoTiltedNoDelay,10.20924,8.460483,350.7691,-0.2626648,4.588904
Martes6,VideoTiltedNoDelay,9.431548,9.484035,349.9282,-0.1922607,4.631608
Martes6,VideoTiltedNoDelay,8.917064,10.29479,349.0986,0.007385254,4.683388
Martes6,VideoTiltedNoDelay,8.450429,11.37583,348.228,-0.1431885,4.73905
Martes6,VideoTiltedNoDelay,8.017927,12.20956,347.8746,-0.03234863,4.781434
Martes6,VideoTiltedNoDelay,7.431144,13.42065,347.6483,-0.003570557,4.836158
Martes6,VideoTiltedNoDelay,6.774749,14.33031,347.2746,-0.1402283,4.880949
Martes6,VideoTiltedNoDelay,5.887513,15.30786,346.0398,-0.4368896,4.940316
Martes6,VideoTiltedNoDelay,4.068686,16.99645,342.7769,-0.6526184,4.988495
Martes6,VideoTiltedNoDelay,3.340553,18.04453,339.9971,-0.6431885,5.030379
Martes6,VideoTiltedNoDelay,2.402279,18.63143,338.4315,0.03781128,5.08293
Martes6,VideoTiltedNoDelay,1.313041,19.10365,336.7004,-0.3014526,5.137906
Martes6,VideoTiltedNoDelay,0.5071939,19.72559,335.3499,-0.190033,5.190693
Martes6,VideoTiltedNoDelay,0.1809636,20.65539,334.6764,-0.1251526,5.236174
Martes6,VideoTiltedNoDelay,359.9173,21.99269,334.2961,-0.0267334,5.287384
Martes6,VideoTiltedNoDelay,359.5392,23.14454,334.5491,0.0524292,5.340316
Martes6,VideoTiltedNoDelay,359.174,24.31846,335.1954,0.02224731,5.38197
Martes6,VideoTiltedNoDelay,358.5787,25.21598,336.2047,0.07168579,5.437816
Martes6,VideoTiltedNoDelay,357.6754,26.47377,338.0899,0.2086182,5.492752
Martes6,VideoTiltedNoDelay,356.8226,27.8527,340.2336,0.2633057,5.535023
Martes6,VideoTiltedNoDelay,355.8853,29.77015,343.8833,0.4127808,5.588673
Martes6,VideoTiltedNoDelay,355.1508,31.60367,347.5677,0.5568848,5.630592
Martes6,VideoTiltedNoDelay,354.5634,33.68869,352.2044,0.6060181,5.68201
Martes6,VideoTiltedNoDelay,354.1368,34.36015,355.0086,0.3429565,5.738374
Martes6,VideoTiltedNoDelay,353.5113,34.64691,357.1556,0.1820679,5.791958
Martes6,VideoTiltedNoDelay,352.994,34.4935,358.277,0.1017151,5.835443
Martes6,VideoTiltedNoDelay,352.6128,33.81606,359.5798,0.1006165,5.887916
Martes6,VideoTiltedNoDelay,352.2898,32.70285,0.6480587,-0.1793518,5.940316
Martes6,VideoTiltedNoDelay,351.9932,31.32832,1.740508,-0.09216309,5.983172
Martes6,VideoTiltedNoDelay,351.8907,29.34294,3.038155,-0.05133057,6.036405
Martes6,VideoTiltedNoDelay,351.7679,27.17364,4.242946,-0.05532837,6.08847
Martes6,VideoTiltedNoDelay,351.9096,25.24773,5.129462,0.01647949,6.140316
Martes6,VideoTiltedNoDelay,351.5453,22.45081,5.766474,-0.1481934,6.183057
Martes6,VideoTiltedNoDelay,351.0654,19.7308,6.274639,-0.1435852,6.23792
Martes6,VideoTiltedNoDelay,350.4457,17.21583,6.594108,-0.1898499,6.281112
Martes6,VideoTiltedNoDelay,350.1277,13.48723,6.847581,-0.01757813,6.335808
Martes6,VideoTiltedNoDelay,351.3022,7.248077,6.897704,0.2521057,6.387774
Martes6,VideoTiltedNoDelay,352.9632,0.8001163,6.69538,0.453064,6.440316
Martes6,VideoTiltedNoDelay,355.4636,354.1945,6.218657,0.1088867,6.482062
Martes6,VideoTiltedNoDelay,358.9071,348.2343,4.534454,-0.2247314,6.537066
Martes6,VideoTiltedNoDelay,0.3106438,346.0111,3.377943,-0.2499695,6.590458
Martes6,VideoTiltedNoDelay,1.073295,345.624,2.913103,-0.1857605,6.633862
Martes6,VideoTiltedNoDelay,2.040121,345.4211,2.083109,-0.01257324,6.685301
Martes6,VideoTiltedNoDelay,3.13892,345.2204,1.457345,-0.0696106,6.740316
Martes6,VideoTiltedNoDelay,4.503045,344.3163,0.8638839,-0.3425293,6.782835
Martes6,VideoTiltedNoDelay,6.116341,343.8843,0.158421,-0.01486206,6.83622
Martes6,VideoTiltedNoDelay,8.468678,344.2242,359.4372,0.04766846,6.889537
Martes6,VideoTiltedNoDelay,9.778522,345.0469,359.3477,0.1357422,6.93473
Martes6,VideoTiltedNoDelay,11.30948,347.3287,359.2166,0.6080322,6.996213
Martes6,VideoTiltedNoDelay,11.69033,348.6257,359.427,0.3348694,7.03835
Martes6,VideoTiltedNoDelay,12.4523,350.1661,359.9264,0.4254456,7.091547
Martes6,VideoTiltedNoDelay,12.93277,350.8307,0.01752055,-151.6542,7.136354
Martes6,VideoTiltedNoDelay,13.43152,351.3927,359.9936,0.1222534,7.187535
Martes6,VideoTiltedNoDelay,13.46467,351.5681,0.09932643,0.07785034,7.230773
Martes6,VideoTiltedNoDelay,13.55984,351.7127,0.2114726,-0.06890869,7.280593
Martes6,VideoTiltedNoDelay,13.54286,351.8903,0.2524624,0.05252075,7.335512
Martes6,VideoTiltedNoDelay,13.54702,351.9623,0.3408191,-0.003875732,7.380675
Martes6,VideoTiltedNoDelay,13.52849,352.0023,0.3978849,0.01400757,7.4323
Martes6,VideoTiltedNoDelay,13.44065,352.0845,0.4165408,0.03204346,7.486065
Martes6,VideoTiltedNoDelay,13.40177,352.2319,0.4241886,0.03421021,7.537912
Martes6,VideoTiltedNoDelay,13.33813,352.4957,0.475247,0.09909058,7.590803
Martes6,VideoTiltedNoDelay,13.24989,352.707,0.5101775,0.09182739,7.636384
Martes6,VideoTiltedNoDelay,13.26343,352.8334,0.5271288,0.009307861,7.690425
Martes6,VideoTiltedNoDelay,13.25053,352.9331,0.5165116,0.02346802,7.740316
Martes6,VideoTiltedNoDelay,13.19565,353.0149,0.382798,0.0227356,7.793872
Martes6,VideoTiltedNoDelay,13.15126,353.0719,0.309689,0.02050781,7.836872
Martes6,VideoTiltedNoDelay,13.06498,353.1815,0.2560604,0.0223999,7.889742
Martes6,VideoTiltedNoDelay,13.0406,353.2307,0.2069776,0.03610229,7.935026
Martes6,VideoTiltedNoDelay,12.94298,353.2342,0.1125853,-0.006958008,7.984463
Martes6,VideoTiltedNoDelay,12.82942,353.2984,0.004917831,0.004608154,8.036907
Martes6,VideoTiltedNoDelay,12.74802,353.4169,359.9321,0.006439209,8.082011
Martes6,VideoTiltedNoDelay,12.61375,353.676,359.8231,-0.01342773,8.13456
Martes6,VideoTiltedNoDelay,12.37328,354.2494,359.8654,0.1420288,8.190445
Martes6,VideoTiltedNoDelay,12.17788,354.9136,0.01220588,-150.3884,8.240316
Martes6,VideoTiltedNoDelay,11.86891,356.343,0.34308,0.5567627,8.283425
Martes6,VideoTiltedNoDelay,11.58847,358.9937,0.3511524,0.8428345,8.336813
Martes6,VideoTiltedNoDelay,11.15893,3.345337,0.4728212,0.1592379,8.381033
Martes6,VideoTiltedNoDelay,10.81319,9.111145,0.7700557,0.6058302,8.432328
Martes6,VideoTiltedNoDelay,10.6672,12.15425,0.8952155,0.2336941,8.485306
Martes6,VideoTiltedNoDelay,10.81089,12.95008,0.674117,0.1718254,8.53711
Martes6,VideoTiltedNoDelay,10.78764,13.71619,0.4929774,0.1453629,8.581911
Martes6,VideoTiltedNoDelay,10.68984,14.82246,0.603622,0.1683979,8.635712
Martes6,VideoTiltedNoDelay,10.43103,16.33692,1.64998,0.312727,8.689234
Martes6,VideoTiltedNoDelay,10.23288,17.87531,2.97931,0.5499744,8.740316
Martes6,VideoTiltedNoDelay,10.46965,20.72237,5.293113,0.4155407,8.784449
Martes6,VideoTiltedNoDelay,10.77638,21.4732,5.31119,0.260582,8.836448
Martes6,VideoTiltedNoDelay,10.75518,22.47808,5.24354,0.2191238,8.881278
Martes6,VideoTiltedNoDelay,10.92968,24.02678,5.339947,0.3415699,8.934586
Martes6,VideoTiltedNoDelay,11.3816,25.07558,5.549506,0.1758652,8.991013
Martes6,VideoTiltedNoDelay,11.453,24.93953,5.647034,-0.2046566,9.032984
Martes6,VideoTiltedNoDelay,11.32671,24.58682,5.472475,-0.08296394,9.085093
Martes6,VideoTiltedNoDelay,10.906,24.27335,5.270308,-0.07532692,9.136861
Martes6,VideoTiltedNoDelay,10.66969,24.03912,5.475036,-0.1280651,9.18087
Martes6,VideoTiltedNoDelay,10.84655,22.85256,5.96289,-0.2341595,9.235474
Martes6,VideoTiltedNoDelay,10.90352,21.06452,6.474084,-0.3375092,9.280973
Martes6,VideoTiltedNoDelay,10.77632,19.16271,7.088061,-0.2160263,9.331442
Martes6,VideoTiltedNoDelay,10.86104,17.70849,7.334413,-0.1744194,9.38531
Martes6,VideoTiltedNoDelay,10.80308,16.95603,7.448356,-0.1245079,9.436527
Martes6,VideoTiltedNoDelay,11.17986,15.80981,7.469005,-0.1349659,9.49187
Martes6,VideoTiltedNoDelay,11.34373,14.939,7.550159,-0.1074028,9.536954
Martes6,VideoTiltedNoDelay,12.11193,13.91302,7.535665,0.00177002,9.586947
Martes6,VideoTiltedNoDelay,12.7911,12.51412,7.487448,-0.1790333,9.638759
Martes6,VideoTiltedNoDelay,13.21398,11.58599,7.571844,-0.07331085,9.68275
Martes6,VideoTiltedNoDelay,14.07875,9.581504,7.550306,-0.05330086,9.735487
Martes6,VideoTiltedNoDelay,15.27084,7.650353,6.852959,-0.04354095,9.791508
Martes6,VideoTiltedNoDelay,15.50809,6.658411,6.312418,-0.1815338,9.834927
Martes6,VideoTiltedNoDelay,14.93949,5.619167,6.037941,-0.1898899,9.887158
Martes6,VideoTiltedNoDelay,14.80826,4.855992,5.623243,-0.0533638,9.936723
Martes6,VideoTiltedNoDelay,13.88338,3.986603,4.737192,-0.440917,9.981545
Martes6,VideoTiltedNoDelay,11.39653,2.790932,3.390126,-0.8993492,10.03503
Martes6,VideoTiltedNoDelay,4.005231,1.28095,1.571643,-1.827986,10.08866
Martes6,VideoTiltedNoDelay,353.707,0.1604016,359.7732,148.6209,10.13798
Martes6,VideoTiltedNoDelay,349.7452,0.003608481,359.1956,-0.9925232,10.18056
Martes6,VideoTiltedNoDelay,347.4451,0.2393922,359.0752,-0.2347717,10.23604
Martes6,VideoTiltedNoDelay,346.0489,0.6427519,359.3815,-0.1014099,10.29217
Martes6,VideoTiltedNoDelay,344.9694,0.808413,359.4599,-0.2350769,10.33461
Martes6,VideoTiltedNoDelay,342.9565,0.8519024,359.1006,-0.2969971,10.38539
Martes6,VideoTiltedNoDelay,341.5445,0.5729589,358.8409,0.00390625,10.43674
Martes6,VideoTiltedNoDelay,339.8205,359.9247,358.9331,116.8794,10.48106
Martes6,VideoTiltedNoDelay,338.2722,359.044,359.1729,-0.1531372,10.53606
Martes6,VideoTiltedNoDelay,337.5093,357.917,359.5069,-0.2104492,10.58896
Martes6,VideoTiltedNoDelay,337.542,356.9461,359.699,-0.05462646,10.63807
Martes6,VideoTiltedNoDelay,337.9089,356.9126,359.6693,0.078125,10.68074
Martes6,VideoTiltedNoDelay,338.4172,357.03,359.7341,0.1317139,10.73485
Martes6,VideoTiltedNoDelay,339.6478,357.4745,359.7015,0.3206177,10.78083
Martes6,VideoTiltedNoDelay,343.0056,358.1626,359.7457,0.5811768,10.83154
Martes6,VideoTiltedNoDelay,348.8882,359.1196,359.8894,1.638123,10.88447
Martes6,VideoTiltedNoDelay,353.8489,359.907,-0.0007445085,-114.4166,10.93757
Martes6,VideoTiltedNoDelay,359.9714,0.805934,359.9177,150.2603,10.99191
Martes6,VideoTiltedNoDelay,3.94466,2.011963,359.3221,-0.17453,11.03543
Martes6,VideoTiltedNoDelay,9.883782,2.995275,359.5391,0.1640015,11.09074
Martes6,VideoTiltedNoDelay,13.43847,3.476413,0.2076931,0.6177759,11.13265
Martes6,VideoTiltedNoDelay,16.77104,4.276757,1.3737,0.6367645,11.18282
Martes6,VideoTiltedNoDelay,18.55844,4.562835,1.924498,0.4012909,11.23768
Martes6,VideoTiltedNoDelay,20.25409,5.041833,2.458149,0.4408321,11.28116
Martes6,VideoTiltedNoDelay,21.97893,5.653535,3.198892,0.3231907,11.33298
Martes6,VideoTiltedNoDelay,23.01256,6.253802,3.967003,0.2524643,11.38264
Martes6,VideoTiltedNoDelay,23.47612,6.65692,4.336036,0.1583252,11.43784
Martes6,VideoTiltedNoDelay,23.80868,7.317013,4.866141,0.07955742,11.49196
Martes6,VideoTiltedNoDelay,24.04972,7.70019,5.118191,0.02393723,11.53583
Martes6,VideoTiltedNoDelay,24.11073,7.700763,5.113804,-0.006692886,11.58763
Martes6,VideoTiltedNoDelay,23.71863,7.889746,5.108332,-0.1816978,11.63054
Martes6,VideoTiltedNoDelay,23.07549,8.081665,5.074791,0.03220749,11.68284
Martes6,VideoTiltedNoDelay,22.95114,8.456136,5.137606,0.07492447,11.73672
Martes6,VideoTiltedNoDelay,22.98732,8.785903,5.24121,0.03471184,11.79178
Martes6,VideoTiltedNoDelay,22.83348,9.21592,5.282357,-0.0002918243,11.83553
Martes6,VideoTiltedNoDelay,22.41001,9.751548,5.295636,-0.01309967,11.88735
Martes6,VideoTiltedNoDelay,22.30349,10.10275,5.262177,0.04310417,11.94032
Martes6,VideoTiltedNoDelay,22.08807,10.97263,5.323393,0.02952003,11.98236
Martes6,VideoTiltedNoDelay,21.47892,13.31434,5.790243,0.2198009,12.0366
Martes6,VideoTiltedNoDelay,20.29421,17.30982,6.415445,0.3548622,12.08978
Martes6,VideoTiltedNoDelay,19.08745,20.2722,6.920796,0.4771099,12.14032
Martes6,VideoTiltedNoDelay,16.22292,26.90528,7.45962,0.6323814,12.18329
Martes6,VideoTiltedNoDelay,13.66525,31.65404,7.388873,0.8106232,12.23692
Martes6,VideoTiltedNoDelay,10.84149,35.94471,7.22102,0.4497528,12.29124
Martes6,VideoTiltedNoDelay,9.401896,37.72589,6.525704,0.1775398,12.33608
Martes6,VideoTiltedNoDelay,8.101019,38.385,5.457147,0.01859665,12.3851
Martes6,VideoTiltedNoDelay,7.031754,38.36818,4.378624,-0.03194046,12.43929
Martes6,VideoTiltedNoDelay,6.486874,38.51391,3.992694,0.01150513,12.4815
Martes6,VideoTiltedNoDelay,5.598391,38.72976,3.297097,0.03089523,12.53644
Martes6,VideoTiltedNoDelay,4.666129,38.88678,2.730022,0.009822845,12.59118
Martes6,VideoTiltedNoDelay,4.104156,38.82779,2.351245,-0.05151367,12.63095
Martes6,VideoTiltedNoDelay,3.382584,38.93251,1.803372,0.007480621,12.68339
Martes6,VideoTiltedNoDelay,2.848941,39.05253,1.354203,0.0496788,12.73847
Martes6,VideoTiltedNoDelay,2.10154,39.34178,0.4337471,0.05652237,12.79039
Martes6,VideoTiltedNoDelay,1.629241,39.77342,359.9049,322.4467,12.83602
Martes6,VideoTiltedNoDelay,1.150707,40.04648,359.5174,-0.06866455,12.88755
Martes6,VideoTiltedNoDelay,0.9227688,39.85176,359.2572,-0.01293945,12.93106
Martes6,VideoTiltedNoDelay,1.042826,38.96418,359.197,0.001525879,12.98364
Martes6,VideoTiltedNoDelay,1.480822,37.32822,359.1595,-0.09194946,13.03671
Martes6,VideoTiltedNoDelay,1.282211,34.74797,358.8742,-0.1893921,13.09132
Martes6,VideoTiltedNoDelay,0.6810255,33.55373,358.4895,-0.05776978,13.13536
Martes6,VideoTiltedNoDelay,0.1289566,32.61827,358.1528,-0.07717896,13.18589
Martes6,VideoTiltedNoDelay,359.8787,32.41222,357.7672,149.093,13.23929
Martes6,VideoTiltedNoDelay,359.3401,32.18718,357.5336,-0.2244873,13.28095
Martes6,VideoTiltedNoDelay,358.1432,30.49821,356.9617,-0.3470459,13.33549
Martes6,VideoTiltedNoDelay,356.8422,28.27762,356.0451,-0.4185791,13.40032
Martes6,VideoTiltedNoDelay,354.947,25.2979,355.3238,-0.3594055,13.4319
Martes6,VideoTiltedNoDelay,353.1612,22.46659,355.0679,-0.3630371,13.48519
Martes6,VideoTiltedNoDelay,351.4464,20.14419,354.6579,-0.3848572,13.53789
Martes6,VideoTiltedNoDelay,349.416,18.21868,354.0957,-0.5241089,13.58164
Martes6,VideoTiltedNoDelay,346.0258,15.60933,353.5021,-0.5973511,13.6359
Martes6,VideoTiltedNoDelay,341.8752,13.1419,352.9344,-0.6864014,13.69062
Martes6,VideoTiltedNoDelay,339.047,11.01079,352.9183,-0.446228,13.73106
Martes6,VideoTiltedNoDelay,335.9014,8.596388,353.2641,-0.3319092,13.7848
Martes6,VideoTiltedNoDelay,335.0412,7.198211,353.5318,0.007476807,13.83754
Martes6,VideoTiltedNoDelay,335.6214,5.989956,354.0509,0.2389526,13.88134
Martes6,VideoTiltedNoDelay,337.1418,5.399257,354.3402,0.1439819,13.93592
Martes6,VideoTiltedNoDelay,338.465,5.744373,354.0868,0.1683044,13.98785
Martes6,VideoTiltedNoDelay,340.5557,6.557419,353.8053,0.2585144,14.0393
Martes6,VideoTiltedNoDelay,342.1088,7.29044,353.5917,0.3312378,14.08288
Martes6,VideoTiltedNoDelay,344.679,8.384495,353.2254,0.348999,14.13547
Martes6,VideoTiltedNoDelay,348.331,9.858521,352.7275,0.4418335,14.19188
Martes6,VideoTiltedNoDelay,351.3291,11.66475,352.1183,0.3948364,14.23401
Martes6,VideoTiltedNoDelay,355.5569,14.57859,351.2592,0.532135,14.28973
Martes6,VideoTiltedNoDelay,359.0219,16.95095,351.1401,0.6673889,14.33175
Martes6,VideoTiltedNoDelay,1.879002,18.88829,351.7873,0.06390381,14.38433
Martes6,VideoTiltedNoDelay,4.335604,20.78926,352.8748,0.2345886,14.43591
Martes6,VideoTiltedNoDelay,5.736968,21.98417,353.4238,0.1307068,14.48058
Martes6,VideoTiltedNoDelay,7.359489,23.19519,354.0919,0.1166992,14.53248
Martes6,VideoTiltedNoDelay,8.399381,24.10278,354.824,0.1332092,14.58503
Martes6,VideoTiltedNoDelay,9.448479,24.58824,355.7818,0.2624512,14.63818
Martes6,VideoTiltedNoDelay,10.65788,25.48354,357.7138,0.9797058,14.69175
Martes6,VideoTiltedNoDelay,11.6129,26.34245,359.4204,0.402832,14.73515
Martes6,VideoTiltedNoDelay,12.48621,26.61044,0.6170831,0.004812241,14.78977
Martes6,VideoTiltedNoDelay,12.73219,26.11581,1.018151,-0.1071453,14.83089
Martes6,VideoTiltedNoDelay,12.78384,25.16193,1.021073,-0.005758286,14.88348
Martes6,VideoTiltedNoDelay,13.1276,24.35527,1.139059,-0.0772419,14.93594
Martes6,VideoTiltedNoDelay,13.65094,24.09815,1.174949,0.045187,14.98118
Martes6,VideoTiltedNoDelay,13.71976,23.818,1.480518,-0.1145287,15.03388
Martes6,VideoTiltedNoDelay,13.55538,23.56381,1.840362,-0.101017,15.08801
Martes6,VideoTiltedNoDelay,13.46175,23.3629,2.127229,-0.05605125,15.13828
Martes6,VideoTiltedNoDelay,13.34904,22.92425,2.48676,-0.1414547,15.18313
Martes6,VideoTiltedNoDelay,13.41878,21.90539,3.025733,-0.2316647,15.23568
Martes6,VideoTiltedNoDelay,12.93479,20.43406,3.032489,-0.3272419,15.29112
Martes6,VideoTiltedNoDelay,12.57024,19.33681,2.97583,-0.2242432,15.33374
Martes6,VideoTiltedNoDelay,12.44246,18.39851,2.723636,-0.1618671,15.38947
Martes6,VideoTiltedNoDelay,12.35375,17.75541,1.760996,-0.03341293,15.43997
Martes6,VideoTiltedNoDelay,12.11492,17.5025,1.520139,-0.1328144,15.48202
Martes6,VideoTiltedNoDelay,11.82487,17.33208,1.323126,-0.04323959,15.5356
Martes6,VideoTiltedNoDelay,11.56384,16.30889,1.49462,-0.2492237,15.59127
Martes6,VideoTiltedNoDelay,11.33376,14.58184,1.412637,-0.4519463,15.63372
Martes6,VideoTiltedNoDelay,11.80428,11.32127,0.1740853,-0.3853741,15.68646
Martes6,VideoTiltedNoDelay,13.08537,8.051101,358.7773,0.009307861,15.7374
Martes6,VideoTiltedNoDelay,14.02216,5.848546,358.1613,0.02731323,15.78047
Martes6,VideoTiltedNoDelay,16.55136,4.581054,357.1373,-0.1264343,15.83649
Martes6,VideoTiltedNoDelay,18.27211,3.944951,357.5553,-0.1536865,15.89102
Martes6,VideoTiltedNoDelay,16.25689,4.209543,357.9934,-0.1993408,15.93328
Martes6,VideoTiltedNoDelay,12.43594,5.404986,357.8861,-0.3704224,15.98418
Martes6,VideoTiltedNoDelay,8.397858,4.791112,356.9067,0.2161865,16.0355
Martes6,VideoTiltedNoDelay,4.308652,3.914939,358.0945,0.02798462,16.08109
Martes6,VideoTiltedNoDelay,0.3225475,4.081023,357.6542,-0.03530884,16.13181
Martes6,VideoTiltedNoDelay,357.7512,4.710804,357.7645,-0.4191895,16.18615
Martes6,VideoTiltedNoDelay,357.1895,5.099689,357.9289,-0.1084595,16.23788
Martes6,VideoTiltedNoDelay,355.919,5.729772,357.9466,-0.1219788,16.29182
Martes6,VideoTiltedNoDelay,355.0094,5.886095,358.1567,-0.1407471,16.3371
Martes6,VideoTiltedNoDelay,353.7613,6.045329,358.0558,-0.1115723,16.39028
Martes6,VideoTiltedNoDelay,354.153,5.843714,357.8756,0.02838135,16.44005
Martes6,VideoTiltedNoDelay,354.7342,5.878164,357.4383,-0.1082458,16.48293
Martes6,VideoTiltedNoDelay,353.2079,6.101514,357.4728,-0.3751831,16.53688
Martes6,VideoTiltedNoDelay,349.45,5.868817,357.4471,-0.7145386,16.59179
Martes6,VideoTiltedNoDelay,344.3693,6.110225,357.0223,-1.038788,16.63507
Martes6,VideoTiltedNoDelay,336.6989,6.263807,356.279,-1.223236,16.68569
Martes6,VideoTiltedNoDelay,331.1375,5.903923,355.861,0.06863403,16.73714
Martes6,VideoTiltedNoDelay,327.5237,5.237638,355.4523,-0.3192139,16.78152
Martes6,VideoTiltedNoDelay,326.9127,4.628238,355.4547,0.1315613,16.83486
Martes6,VideoTiltedNoDelay,327.7626,4.603553,355.7017,0.1592102,16.88046
Martes6,VideoTiltedNoDelay,328.1817,4.260177,356.0208,0.08126831,16.9353
Martes6,VideoTiltedNoDelay,328.1107,4.265302,355.9432,-0.05053711,16.98517
Martes6,VideoTiltedNoDelay,327.5619,4.561229,355.7788,-0.1008606,17.03928
Martes6,VideoTiltedNoDelay,326.7592,4.673375,355.7472,-0.1441956,17.08058
Martes6,VideoTiltedNoDelay,324.8997,4.475522,356.2268,-0.1996155,17.13523
Martes6,VideoTiltedNoDelay,322.0552,5.015205,355.9348,-0.5392761,17.19108
Martes6,VideoTiltedNoDelay,319.1251,5.748165,355.6205,-0.6666565,17.23192
Martes6,VideoTiltedNoDelay,315.49,7.001984,354.3777,-0.6480103,17.28221
Martes6,VideoTiltedNoDelay,313.0552,7.621016,353.3744,-0.4866333,17.33779
Martes6,VideoTiltedNoDelay,311.2444,8.143187,352.9117,-0.09677124,17.39177
Martes6,VideoTiltedNoDelay,309.9062,7.848926,354.2489,0.1260376,17.43543
Martes6,VideoTiltedNoDelay,308.8044,6.450354,357.1086,0.394104,17.48907
Martes6,VideoTiltedNoDelay,308.8725,5.237445,358.0799,0.08953857,17.53856
Martes6,VideoTiltedNoDelay,309.3757,6.013882,357.7106,0.003387451,17.58314
Martes6,VideoTiltedNoDelay,310.0025,6.069265,357.5876,-0.01144409,17.6383
Martes6,VideoTiltedNoDelay,310.0033,6.036044,357.4457,-0.08706665,17.69002
Martes6,VideoTiltedNoDelay,309.576,6.981059,356.2804,-0.3502808,17.73504
Martes6,VideoTiltedNoDelay,308.363,8.145532,354.6604,-0.3929138,17.78939
Martes6,VideoTiltedNoDelay,307.6627,8.961259,353.9552,-0.2519226,17.84032
Martes6,VideoTiltedNoDelay,306.1642,9.927024,353.3047,-0.3443604,17.88139
Martes6,VideoTiltedNoDelay,304.1501,10.19209,353.2346,-0.3268433,17.93134
Martes6,VideoTiltedNoDelay,302.197,9.551172,353.9406,-0.3965759,17.99619
Martes6,VideoTiltedNoDelay,302.4584,9.21551,354.3538,0.4943848,18.03812
Martes6,VideoTiltedNoDelay,304.4763,7.904594,355.353,0.6389465,18.09412
Martes6,VideoTiltedNoDelay,304.9133,7.046981,355.5735,0.01303101,18.13634
Martes6,VideoTiltedNoDelay,304.1899,7.462232,354.2612,-0.4014893,18.19883
Martes6,VideoTiltedNoDelay,303.7616,7.18211,354.1294,-0.3833313,18.24032
Martes6,VideoTiltedNoDelay,302.8025,6.133208,354.2746,-0.03579712,18.29298
Martes6,VideoTiltedNoDelay,302.6707,5.588505,355.0934,0.3705444,18.33922
Martes6,VideoTiltedNoDelay,303.5638,5.745886,356.2211,0.4202576,18.4003
Martes6,VideoTiltedNoDelay,303.3233,5.342833,356.6385,0.1571655,18.44032
Martes6,VideoTiltedNoDelay,303.5757,6.60921,356.0307,-0.1737671,18.48821
Martes6,VideoTiltedNoDelay,303.6035,7.784821,355.0098,-0.3915405,18.54032
Martes6,VideoTiltedNoDelay,303.6848,8.988031,354.0423,0.03710938,18.58635
Martes6,VideoTiltedNoDelay,303.8049,9.28463,353.776,-0.01931763,18.64032
Martes6,VideoTiltedNoDelay,303.595,9.539954,353.2483,-0.2901306,18.69279
Martes6,VideoTiltedNoDelay,303.4324,10.53113,352.4922,-0.2893677,18.73471
Martes6,VideoTiltedNoDelay,303.7874,11.17463,352.1813,0.1025085,18.80032
Martes6,VideoTiltedNoDelay,304.3056,11.2119,352.4518,0.3112793,18.84032
Martes6,VideoTiltedNoDelay,306.1289,11.34851,352.5929,0.2484131,18.89088
Martes6,VideoTiltedNoDelay,308.2391,10.70654,353.4757,1.516235,18.93617
Martes6,VideoTiltedNoDelay,310.5988,10.10377,354.1563,0.8768005,19.00032
Martes6,VideoTiltedNoDelay,312.1907,9.236071,354.6292,0.4772339,19.04032
Martes6,VideoTiltedNoDelay,313.4994,8.968748,354.6081,0.2773438,19.08455
Martes6,VideoTiltedNoDelay,312.8495,8.878491,354.7917,-0.3749084,19.14032
Martes6,VideoTiltedNoDelay,312.6791,8.553009,355.1891,0.05819702,19.18829
Martes6,VideoTiltedNoDelay,312.6623,8.519432,355.2689,0.0501709,19.24032
Martes6,VideoTiltedNoDelay,314.2093,8.65498,355.2473,0.6109009,19.29055
Martes6,VideoTiltedNoDelay,316.3472,8.698772,355.31,0.4970093,19.33418
Martes6,VideoTiltedNoDelay,319.6126,8.571074,355.4559,1.136047,19.40032
Martes6,VideoTiltedNoDelay,323.3016,8.188503,355.5481,1.194855,19.44032
Martes6,VideoTiltedNoDelay,327.5229,7.477256,355.1409,0.1599426,19.49258
Martes6,VideoTiltedNoDelay,327.3317,7.651002,355.0412,-0.1376648,19.5348
Martes6,VideoTiltedNoDelay,327.5657,7.879797,355.1712,0.2245789,19.60032
Martes6,VideoTiltedNoDelay,331.4091,7.799564,355.5201,1.523529,19.64032
Martes6,VideoTiltedNoDelay,332.5008,7.328482,355.608,-0.5263062,19.68861
Martes6,VideoTiltedNoDelay,333.3443,7.033707,355.271,0.1631775,19.74032
Martes6,VideoTiltedNoDelay,332.4893,7.156471,355.4922,-0.05410767,19.78852
Martes6,VideoTiltedNoDelay,332.24,7.19971,355.5386,-0.04043579,19.83038
Martes6,VideoTiltedNoDelay,332.0433,7.268621,355.5914,-0.05551147,19.89468
Martes6,VideoTiltedNoDelay,331.9651,7.311275,355.5518,-0.03240967,19.93775
Martes6,VideoTiltedNoDelay,331.9979,7.330784,355.5352,0.004638672,19.98242
Martes6,VideoTiltedNoDelay,331.9665,7.330348,355.5273,-0.01803589,20.04032
Martes6,VideoTiltedNoDelay,331.8624,7.318063,355.5363,-0.03207397,20.09289
Martes6,VideoTiltedNoDelay,331.7663,7.369493,355.5412,-0.02099609,20.13761
Martes6,VideoTiltedNoDelay,331.6864,7.412652,355.5399,-0.02182007,20.18229
Martes6,VideoTiltedNoDelay,331.3405,7.527174,355.561,-0.1831665,20.24032
